ID,Company,Title,date,Condition,link
39714505,인스피언(주),[청년디지탈일자리]2021년 JAVA 개발자 신입 사원 채용,~ 05/02(일) 입사지원,"서울 금천구 신입·경력 대졸↑ 정규직 3,000~3,200",https://www.saramin.co.kr/zf_user/jobs/relay/view?view_type=search&rec_idx=39714505&location=ts&searchword=java&searchType=default_mysearch&paid_fl=n
39733637,기웅정보통신(주),JAVA 개발자,~ 04/26(월) 입사지원,서울 금천구 경력 6~10년 학력무관 정규직,https://www.saramin.co.kr/zf_user/jobs/relay/view?view_type=search&rec_idx=39733637&location=ts&searchword=java&searchType=default_mysearch&paid_fl=n
39727103,(주)휴넷,Java 웹 개발자,~ 03/31(수) 입사지원,서울 구로구 경력 2~10년 학력무관 정규직,https://www.saramin.co.kr/zf_user/jobs/relay/view?view_type=search&rec_idx=39727103&location=ts&searchword=java&searchType=default_mysearch&paid_fl=n
39779845,(주)비욘드아이앤씨,Java Backend 개발자 (신입/경력),상시채용 입사지원,서울 성동구 경력무관 초대졸↑ 정규직,https://www.saramin.co.kr/zf_user/jobs/relay/view?view_type=search&rec_idx=39779845&location=ts&searchword=java&searchType=default_mysearch&paid_fl=n
39689538,(주)엑심베이,PG SYSTEM JAVA 개발 경력 채용,~ 04/26(월) 입사지원,서울 구로구 경력 3~6년 초대졸↑ 정규직,https://www.saramin.co.kr/zf_user/jobs/relay/view?view_type=search&rec_idx=39689538&location=ts&searchword=java&searchType=default_mysearch&paid_fl=n
39792037,(주)란체스터에프앤비,JAVA 스프링(Web) 개발,상시채용 입사지원,서울 강남구 경력 4~10년 초대졸↑ 정규직,https://www.saramin.co.kr/zf_user/jobs/relay/view?view_type=search&rec_idx=39792037&location=ts&searchword=java&searchType=default_mysearch&paid_fl=n
39579464,(주)엔투엠,JAVA 초급 개발자 채용,채용시 입사지원,서울 영등포구 경력무관 학력무관 정규직,https://www.saramin.co.kr/zf_user/jobs/relay/view?view_type=search&rec_idx=39579464&location=ts&searchword=java&searchType=default_mysearch&paid_fl=n
39679756,엠포플러스(주),엠포플러스 JAVA 개발자 모집,~ 04/26(월) 입사지원,서울 성동구 경력무관 학력무관 정규직,https://www.saramin.co.kr/zf_user/jobs/relay/view?view_type=search&rec_idx=39679756&location=ts&searchword=java&searchType=default_mysearch&paid_fl=n
39842350,(주)프라임에듀넷,JAVA 백엔드개발자 - 경력,상시채용 입사지원,서울 강남구 경력 3~10년 학력무관 정규직,https://www.saramin.co.kr/zf_user/jobs/relay/view?view_type=search&rec_idx=39842350&location=ts&searchword=java&searchType=default_mysearch&paid_fl=n
39677934,(주)코마스인터렉티브,기술연구소 Java/Web 개발자 채용,~ 03/31(수) 입사지원,서울 강남구 경력 3~15년 초대졸↑ 정규직,https://www.saramin.co.kr/zf_user/jobs/relay/view?view_type=search&rec_idx=39677934&location=ts&searchword=java&searchType=default_mysearch&paid_fl=n
39849346,(주)핀샷,[핀테크] Web / Java / ReactNative / Android 개발자 모집,~ 03/28(일) 입사지원,"서울 마포구 경력무관 대졸↑ 정규직·인턴직 3,000~3,200",https://www.saramin.co.kr/zf_user/jobs/relay/view?view_type=search&rec_idx=39849346&location=ts&searchword=java&searchType=default_mysearch&paid_fl=n
39694185,(주)아이시프트,"JAVA/JSP 웹/앱 프로그램 [2021신입공채] e커머스,솔루션, SM,SI",~ 03/31(수) 입사지원,서울 구로구 경력무관 대졸↑ 정규직,https://www.saramin.co.kr/zf_user/jobs/relay/view?view_type=search&rec_idx=39694185&location=ts&searchword=java&searchType=default_mysearch&paid_fl=n
39708780,(주)이글루시큐리티,빅데이터 java 개발자,~ 03/31(수) 입사지원,서울 송파구 경력 3~20년 대졸↑ 정규직,https://www.saramin.co.kr/zf_user/jobs/relay/view?view_type=search&rec_idx=39708780&location=ts&searchword=java&searchType=default_mysearch&paid_fl=n
39710254,(주)더즌,JAVA 서버/백엔드 개발자,~ 04/05(월) 입사지원,서울 서초구 경력 5~10년 학력무관 정규직,https://www.saramin.co.kr/zf_user/jobs/relay/view?view_type=search&rec_idx=39710254&location=ts&searchword=java&searchType=default_mysearch&paid_fl=n
39762590,㈜키트넷,"JAVA개발 신입, 경력사원 모집 (지방 출신 가능)",~ 03/25(목) 입사지원,"서울 금천구 신입·경력 대졸↑ 정규직 2,800~3,000",https://www.saramin.co.kr/zf_user/jobs/relay/view?view_type=search&rec_idx=39762590&location=ts&searchword=java&searchType=default_mysearch&paid_fl=n
39830556,(주)이원정보기술,이원정보기술 상반기 신입개발자 (JAVA) 모집합니다.,~ 04/17(토) 입사지원,"경기 성남시 분당구 신입·경력 대졸↑ 정규직 3,000~3,200",https://www.saramin.co.kr/zf_user/jobs/relay/view?view_type=search&rec_idx=39830556&location=ts&searchword=java&searchType=default_mysearch&paid_fl=n
39802333,빅쏠,서버 백엔드 JAVA 개발 경력자(경력/신입-단독개발가능자),내일마감 입사지원,서울 마포구 경력3년↑ 학력무관 정규직,https://www.saramin.co.kr/zf_user/jobs/relay/view?view_type=search&rec_idx=39802333&location=ts&searchword=java&searchType=default_mysearch&paid_fl=n
39630967,네이버시스템(주),"사업관리 및 PM / 데이터베이스관리(DBA) / C#, JAVA 개발자",~ 04/19(월) 입사지원,서울 송파구 경력 2~10년 초대졸↑ 정규직,https://www.saramin.co.kr/zf_user/jobs/relay/view?view_type=search&rec_idx=39630967&location=ts&searchword=java&searchType=default_mysearch&paid_fl=n
39851844,(주)와우인포텍,"신입/경력 개발자 채용 (Java, Android, iOS)",~ 03/28(일) 입사지원,서울 금천구 신입·경력 대졸↑ 정규직,https://www.saramin.co.kr/zf_user/jobs/relay/view?view_type=search&rec_idx=39851844&location=ts&searchword=java&searchType=default_mysearch&paid_fl=n
39810830,(주)인라이플,[업계1위/주4.5일 근무] JAVA개발 부문별 경력직 대규모 채용,~ 04/15(목) 입사지원,서울 구로구 경력 학력무관 정규직,https://www.saramin.co.kr/zf_user/jobs/relay/view?view_type=search&rec_idx=39810830&location=ts&searchword=java&searchType=default_mysearch&paid_fl=n
39783303,(주)그린스토어,(주)그린스토어 IT연구소 [JAVA Web 개발 부문 연구원 채용],~ 03/31(수) 입사지원,경기 성남시 분당구 신입·경력 대졸↑ 정규직,https://www.saramin.co.kr/zf_user/jobs/relay/view?view_type=search&rec_idx=39783303&location=ts&searchword=java&searchType=default_mysearch&paid_fl=n
39708649,(주)이글루시큐리티,Java 백엔드 개발자 (CEP 분석엔진),~ 03/31(수) 입사지원,서울 송파구 경력 5~20년 초대졸↑ 정규직,https://www.saramin.co.kr/zf_user/jobs/relay/view?view_type=search&rec_idx=39708649&location=ts&searchword=java&searchType=default_mysearch&paid_fl=n
39784042,(주)블루라임커뮤니케이션즈,[프리랜서] JAVA 개발자 모집,~ 05/10(월) 입사지원,서울 강남구 경력4년↑ 초대졸↑ 프리랜서,https://www.saramin.co.kr/zf_user/jobs/relay/view?view_type=search&rec_idx=39784042&location=ts&searchword=java&searchType=default_mysearch&paid_fl=n
39546312,(주)잉카인터넷,모바일/WEB 이벤트 정보 수집 및 분석 시스템 개발 - JAVA,~ 04/04(일) 입사지원,서울 강서구 경력7년↑ 초대졸↑ 정규직,https://www.saramin.co.kr/zf_user/jobs/relay/view?view_type=search&rec_idx=39546312&location=ts&searchword=java&searchType=default_mysearch&paid_fl=n
39820653,(주)알바체크,Back-end Software Engineer (Java / 5년 이상),상시채용 입사지원,서울전체 경력 5~15년 학력무관 정규직,https://www.saramin.co.kr/zf_user/jobs/relay/view?view_type=search&rec_idx=39820653&location=ts&searchword=java&searchType=default_mysearch&paid_fl=n
39818951,(주)씨아이피시스템,웹개발자(JAVA/Oracle) 신입/경력 모집,~ 05/16(일) 입사지원,서울 금천구 신입·경력 초대졸↑ 정규직,https://www.saramin.co.kr/zf_user/jobs/relay/view?view_type=search&rec_idx=39818951&location=ts&searchword=java&searchType=default_mysearch&paid_fl=n
39654269,(주)다인리더스,(주)다인리더스 웹개발(Java·JSP/Ajax) 경력사원 채용,채용시 입사지원,"서울 성동구 경력 5~10년 학력무관 정규직 4,000~5,000",https://www.saramin.co.kr/zf_user/jobs/relay/view?view_type=search&rec_idx=39654269&location=ts&searchword=java&searchType=default_mysearch&paid_fl=n
39815275,(주)지이씨엘코리아,"GECL KOREA 신입/경력직 채용 (MD, 웹디자인, JAVA, PHP, Python, SEO, SA, 유튜브)",~ 03/31(수) 입사지원,서울 금천구 신입·경력 초대졸↑ 정규직·계약직,https://www.saramin.co.kr/zf_user/jobs/relay/view?view_type=search&rec_idx=39815275&location=ts&searchword=java&searchType=default_mysearch&paid_fl=n
39827803,(주)커머스웨어,"웹프로그래머 모집(JAVA,HTML5)- 신입 및 경력",~ 03/29(월) 입사지원,"서울 성동구 신입·경력 초대졸↑ 정규직 3,000~3,200",https://www.saramin.co.kr/zf_user/jobs/relay/view?view_type=search&rec_idx=39827803&location=ts&searchword=java&searchType=default_mysearch&paid_fl=n
39703341,(주)한아이덴티티코리아,JAVA 개발자,상시채용 입사지원,서울 금천구 경력 5~10년 학력무관 정규직,https://www.saramin.co.kr/zf_user/jobs/relay/view?view_type=search&rec_idx=39703341&location=ts&searchword=java&searchType=default_mysearch&paid_fl=n
39710077,(주)엑심베이,PG SYSTEM JAVA 개발자,상시채용 입사지원,서울 구로구 경력 2~5년 학력무관 정규직,https://www.saramin.co.kr/zf_user/jobs/relay/view?view_type=search&rec_idx=39710077&location=ts&searchword=java&searchType=default_mysearch&paid_fl=n
39563436,(주)더즌,서버/백엔드 개발자 (Java) 경력 채용,~ 04/05(월) 입사지원,서울 서초구 경력 5~10년 학력무관 정규직,https://www.saramin.co.kr/zf_user/jobs/relay/view?view_type=search&rec_idx=39563436&location=ts&searchword=java&searchType=default_mysearch&paid_fl=n
39814287,(주)이노시스컴퍼니,java 신입/경력 개발자 모집,오늘마감 입사지원,서울 구로구 신입·경력 고졸↑ 정규직·계약직,https://www.saramin.co.kr/zf_user/jobs/relay/view?view_type=search&rec_idx=39814287&location=ts&searchword=java&searchType=default_mysearch&paid_fl=n
39689644,(주)엑심베이,WEB 서비스 JAVA개발 경력 채용,~ 04/26(월) 입사지원,서울 구로구 경력 2~5년 초대졸↑ 정규직,https://www.saramin.co.kr/zf_user/jobs/relay/view?view_type=search&rec_idx=39689644&location=ts&searchword=java&searchType=default_mysearch&paid_fl=n
39590279,트럼피아(주),"[TRUMPIA, 외국계] JAVA 개발 경력자 채용",~ 04/09(금) 입사지원,서울 강남구 경력3년↑ 대졸↑ 정규직,https://www.saramin.co.kr/zf_user/jobs/relay/view?view_type=search&rec_idx=39590279&location=ts&searchword=java&searchType=default_mysearch&paid_fl=n
39710136,(주)엑심베이,WEB 서비스 JAVA 개발자,상시채용 입사지원,서울 구로구 경력 2~5년 학력무관 정규직,https://www.saramin.co.kr/zf_user/jobs/relay/view?view_type=search&rec_idx=39710136&location=ts&searchword=java&searchType=default_mysearch&paid_fl=n
39708754,(주)이글루시큐리티,Java 백엔드 개발자 (UI),~ 03/31(수) 입사지원,서울 송파구 경력 5~20년 학력무관 정규직,https://www.saramin.co.kr/zf_user/jobs/relay/view?view_type=search&rec_idx=39708754&location=ts&searchword=java&searchType=default_mysearch&paid_fl=n
39710043,(주)엑심베이,결제시스템 JAVA 개발자,상시채용 입사지원,서울 구로구 경력 2~5년 학력무관 정규직,https://www.saramin.co.kr/zf_user/jobs/relay/view?view_type=search&rec_idx=39710043&location=ts&searchword=java&searchType=default_mysearch&paid_fl=n
39689669,(주)엑심베이,결제시스템 JAVA개발 경력 채용,~ 04/26(월) 입사지원,서울 구로구 경력 2~5년 초대졸↑ 정규직,https://www.saramin.co.kr/zf_user/jobs/relay/view?view_type=search&rec_idx=39689669&location=ts&searchword=java&searchType=default_mysearch&paid_fl=n
39826628,(주)캐럿글로벌,JAVA 웹개발자 채용,~ 03/31(수) 입사지원,서울 강남구 경력 2~10년 초대졸↑ 정규직,https://www.saramin.co.kr/zf_user/jobs/relay/view?view_type=search&rec_idx=39826628&location=ts&searchword=java&searchType=default_mysearch&paid_fl=n
39851019,(주)아라인,"[경력] 웹 개발자 (Java, Jsp, Spring) 채용",~ 05/21(금) 입사지원,서울 강남구 경력 3~15년 학력무관 정규직,https://www.saramin.co.kr/zf_user/jobs/relay/view?view_type=search&rec_idx=39851019&location=ts&searchword=java&searchType=default_mysearch&paid_fl=n
39784502,㈜새롬정보시스템,협업메신저 Node.js & JAVA 개발 경력직 채용 공고,~ 04/11(일) 입사지원,서울 금천구 경력 2~15년 학력무관 정규직,https://www.saramin.co.kr/zf_user/jobs/relay/view?view_type=search&rec_idx=39784502&location=ts&searchword=java&searchType=default_mysearch&paid_fl=n
39834068,헤리티지서치코어,전자금융결제 솔루션 개발 및 운영/java/유명그룹사 계열,채용시 입사지원,서울 금천구 경력 5~10년 대졸↑ 정규직,https://www.saramin.co.kr/zf_user/jobs/relay/view?view_type=search&rec_idx=39834068&location=ts&searchword=java&searchType=default_mysearch&paid_fl=n
39786254,스마티소프트(주),"java분야, c#분야 개발자 모집",채용시 입사지원,경기 성남시 수정구 경력 2~20년 초대졸↑ 정규직,https://www.saramin.co.kr/zf_user/jobs/relay/view?view_type=search&rec_idx=39786254&location=ts&searchword=java&searchType=default_mysearch&paid_fl=n
39676490,(주)솔게이트,JAVA 웹/모바일 중급 개발자 모십니다.,~ 03/31(수) 입사지원,서울 종로구 경력4년↑ 초대졸↑ 정규직,https://www.saramin.co.kr/zf_user/jobs/relay/view?view_type=search&rec_idx=39676490&location=ts&searchword=java&searchType=default_mysearch&paid_fl=n
39801173,(주)흰곰,R&D Java 개발(Java/Node.js등) 경력채용(정규직),~ 04/14(수) 입사지원,"서울 금천구 경력 3~5년 초대졸↑ 정규직 3,200~3,400",https://www.saramin.co.kr/zf_user/jobs/relay/view?view_type=search&rec_idx=39801173&location=ts&searchword=java&searchType=default_mysearch&paid_fl=n
39684761,소프트런치 주식회사,Java 백엔드 개발자 모집,채용시 입사지원,"서울 영등포구 경력 5~15년 대졸↑ 정규직 5,000~6,000",https://www.saramin.co.kr/zf_user/jobs/relay/view?view_type=search&rec_idx=39684761&location=ts&searchword=java&searchType=default_mysearch&paid_fl=n
39746397,옴니시스템(주),"ERP/MIS/SI 개발자 (Nexacro, Miplatform, Java) 인력 채용",~ 05/07(금) 입사지원,서울 성동구 경력2년↑ 초대졸↑ 정규직,https://www.saramin.co.kr/zf_user/jobs/relay/view?view_type=search&rec_idx=39746397&location=ts&searchword=java&searchType=default_mysearch&paid_fl=n
39676509,(주)솔게이트,JAVA 웹 초급 개발자 모십니다.,~ 03/31(수) 입사지원,서울 종로구 경력1년↑ 초대졸↑ 정규직,https://www.saramin.co.kr/zf_user/jobs/relay/view?view_type=search&rec_idx=39676509&location=ts&searchword=java&searchType=default_mysearch&paid_fl=n
39820709,테크온미디어(주),JAVA서버개발자 경력직채용,~ 03/31(수) 입사지원,서울 영등포구 경력 4~10년 초대졸↑ 정규직,https://www.saramin.co.kr/zf_user/jobs/relay/view?view_type=search&rec_idx=39820709&location=ts&searchword=java&searchType=default_mysearch&paid_fl=n
39801351,(주)흰곰,R&D Java 개발(Java/Node.js등) 신입채용(정규직),~ 04/14(수) 입사지원,"서울 금천구 신입 초대졸↑ 정규직 2,400~2,600",https://www.saramin.co.kr/zf_user/jobs/relay/view?view_type=search&rec_idx=39801351&location=ts&searchword=java&searchType=default_mysearch&paid_fl=n
39681031,위쉬정보기술㈜,"JAVA,JSP 운영 경력사원 모집 - 현대자동차(당산)",~ 04/26(월) 입사지원,서울 구로구 경력무관 학력무관 정규직·계약직,https://www.saramin.co.kr/zf_user/jobs/relay/view?view_type=search&rec_idx=39681031&location=ts&searchword=java&searchType=default_mysearch&paid_fl=n
39617248,(주)한우리아이티,WEB 개발자를 모십니다. (JAVA),~ 04/17(토) 입사지원,서울 강서구 경력 1~3년 학력무관 정규직,https://www.saramin.co.kr/zf_user/jobs/relay/view?view_type=search&rec_idx=39617248&location=ts&searchword=java&searchType=default_mysearch&paid_fl=n
39521168,리치앤타임 (주),JAVA 개발자 모십니다,~ 03/30(화) 입사지원,서울 구로구 경력 1~10년 초대졸↑ 정규직,https://www.saramin.co.kr/zf_user/jobs/relay/view?view_type=search&rec_idx=39521168&location=ts&searchword=java&searchType=default_mysearch&paid_fl=n
39843239,(주)펄소프트,"[판교] Java 초급 5년이상, 유지보수 업무 / 즉시-년단위 근무",~ 05/18(화) 입사지원,서울 금천구 경력5년↑ 학력무관 계약직,https://www.saramin.co.kr/zf_user/jobs/relay/view?view_type=search&rec_idx=39843239&location=ts&searchword=java&searchType=default_mysearch&paid_fl=n
39540878,디포커스㈜,"웹, 백엔드 개발자 (C#, ASP.NET, Java, Spring) 정규직",~ 04/03(토) 입사지원,서울 성동구 경력무관 초대졸↑ 정규직,https://www.saramin.co.kr/zf_user/jobs/relay/view?view_type=search&rec_idx=39540878&location=ts&searchword=java&searchType=default_mysearch&paid_fl=n
39797311,(주)디오티스,JAVA WEB/Mobile 경력 개발자,~ 03/28(일) 입사지원,서울 송파구 경력 2~10년 학력무관 정규직,https://www.saramin.co.kr/zf_user/jobs/relay/view?view_type=search&rec_idx=39797311&location=ts&searchword=java&searchType=default_mysearch&paid_fl=n
39632897,㈜더썸컴퍼니,[경력] 웹개발자(Java / PHP),채용시 입사지원,서울 강남구 경력 1~15년 초대졸↑ 정규직,https://www.saramin.co.kr/zf_user/jobs/relay/view?view_type=search&rec_idx=39632897&location=ts&searchword=java&searchType=default_mysearch&paid_fl=n
39548095,(주)인투구루,"개발팀 Java, Spring 경력직 모집",~ 04/04(일) 입사지원,서울 구로구 경력4년↑ 학력무관 정규직·프리랜서,https://www.saramin.co.kr/zf_user/jobs/relay/view?view_type=search&rec_idx=39548095&location=ts&searchword=java&searchType=default_mysearch&paid_fl=n
39843721,(주)펄소프트,[서울역] 즉시-8개월 / Java 중급-고급 O명 / OO지인몰 쇼핑몰,~ 05/18(화) 입사지원,서울 금천구 경력6년↑ 학력무관 계약직,https://www.saramin.co.kr/zf_user/jobs/relay/view?view_type=search&rec_idx=39843721&location=ts&searchword=java&searchType=default_mysearch&paid_fl=n
39843594,(주)펄소프트,[용산] 즉시-18개월 / Java 초급-고급 O명 / OO인사정보체계,~ 05/18(화) 입사지원,서울 금천구 경력4년↑ 학력무관 계약직,https://www.saramin.co.kr/zf_user/jobs/relay/view?view_type=search&rec_idx=39843594&location=ts&searchword=java&searchType=default_mysearch&paid_fl=n
39512888,(주)에스에이치아이,(급구) Java 운영업무 (홍릉 근무),~ 03/29(월) 입사지원,서울 동대문구 경력 2~10년 초대졸↑ 정규직·계약직,https://www.saramin.co.kr/zf_user/jobs/relay/view?view_type=search&rec_idx=39512888&location=ts&searchword=java&searchType=default_mysearch&paid_fl=n
39818358,탑커리어인사이트,"웹 앱 개발, 유지보수 : 백엔드, Java Spring, Ms-Sql, Rest A",~ 03/31(수) 입사지원,서울 종로구 경력3년↑ 대졸↑ 정규직,https://www.saramin.co.kr/zf_user/jobs/relay/view?view_type=search&rec_idx=39818358&location=ts&searchword=java&searchType=default_mysearch&paid_fl=n
39843916,(주)펄소프트,"[을지로] OO은행 본점, Java고급 1명 / 즉시-9개월",~ 05/18(화) 입사지원,서울 금천구 경력6년↑ 학력무관 계약직,https://www.saramin.co.kr/zf_user/jobs/relay/view?view_type=search&rec_idx=39843916&location=ts&searchword=java&searchType=default_mysearch&paid_fl=n
39741092,(주)웅진씽크빅,웅진씽크빅 서버 개발자 모집(Back-end개발/JAVA개발),~ 03/28(일) 홈페이지 지원,서울 종로구 경력2년↑ 학력무관 정규직,https://www.saramin.co.kr/zf_user/jobs/relay/view?view_type=search&rec_idx=39741092&location=ts&searchword=java&searchType=default_mysearch&paid_fl=n
39661722,(주)조세통람,오랫동안 함께할 수 있는 웹(ASP/JAVA) 개발자 채용 - 신입/경력,~ 04/24(토) 입사지원,서울 중구 경력무관 초대졸↑ 정규직,https://www.saramin.co.kr/zf_user/jobs/relay/view?view_type=search&rec_idx=39661722&location=ts&searchword=java&searchType=default_mysearch&paid_fl=n
39720177,(주)디젠트소프트,S/W 개발자(경력자)모집 ( JAVA / Spring / Web 등 ),~ 05/02(일) 입사지원,서울 강남구 경력 3~9년 초대졸↑ 정규직,https://www.saramin.co.kr/zf_user/jobs/relay/view?view_type=search&rec_idx=39720177&location=ts&searchword=java&searchType=default_mysearch&paid_fl=n
39739595,(주)에스티유니타스,[ST Unitas] JAVA 백엔드 개발자 경력 채용,채용시 입사지원,서울 강남구 경력 3~7년 학력무관 정규직,https://www.saramin.co.kr/zf_user/jobs/relay/view?view_type=search&rec_idx=39739595&location=ts&searchword=java&searchType=default_mysearch&paid_fl=n
39790120,(주)란체스터에프앤비,"신규 서비스 [HOOGI] 웹 개발자(JAVA, 스프링) 경력직 채용",~ 05/11(화) 입사지원,서울 강남구 경력 4~10년 대졸↑ 정규직,https://www.saramin.co.kr/zf_user/jobs/relay/view?view_type=search&rec_idx=39790120&location=ts&searchword=java&searchType=default_mysearch&paid_fl=n
39856222,(주)휴니버스글로벌,차세대 의료분야 연구/개발을 함께할 JAVA/Interface 개발자채용,~ 04/23(금) 입사지원,서울 성북구 경력3년↑ 초대졸↑ 정규직·계약직,https://www.saramin.co.kr/zf_user/jobs/relay/view?view_type=search&rec_idx=39856222&location=ts&searchword=java&searchType=default_mysearch&paid_fl=n
39539697,한국스코어링(주),[솔루션 개발 (JAVA/JSP) / IT 컨설팅] 금융 솔루션 개발자,~ 04/03(토) 입사지원,서울 마포구 경력1년↑ 대졸↑ 정규직,https://www.saramin.co.kr/zf_user/jobs/relay/view?view_type=search&rec_idx=39539697&location=ts&searchword=java&searchType=default_mysearch&paid_fl=n
39823476,(주)오투콘홀딩스,"PHP/MySQL/안드로이드/Androi/Linux/java 정규직, 계약직채용",~ 05/16(일) 입사지원,서울 서초구 경력 2~15년 학력무관 정규직·계약직,https://www.saramin.co.kr/zf_user/jobs/relay/view?view_type=search&rec_idx=39823476&location=ts&searchword=java&searchType=default_mysearch&paid_fl=n
39810949,(주)씨엠엑스,솔루션 JAVA [ WEB(JSP) / APP ] 개발자 / 퍼블리셔,오늘마감 입사지원,서울 금천구 경력2년↑ 학력무관 정규직,https://www.saramin.co.kr/zf_user/jobs/relay/view?view_type=search&rec_idx=39810949&location=ts&searchword=java&searchType=default_mysearch&paid_fl=n
39668979,(주)엔비웨어,JAVA 개발 경력직 채용공고,~ 04/24(토) 입사지원,서울 금천구 경력 5~12년 초대졸↑ 정규직,https://www.saramin.co.kr/zf_user/jobs/relay/view?view_type=search&rec_idx=39668979&location=ts&searchword=java&searchType=default_mysearch&paid_fl=n
39665891,기웅정보통신(주),JAVA 개발자 경력사원 채용,~ 03/31(수) 입사지원,서울 금천구 신입·경력 초대졸↑ 정규직,https://www.saramin.co.kr/zf_user/jobs/relay/view?view_type=search&rec_idx=39665891&location=ts&searchword=java&searchType=default_mysearch&paid_fl=n
39688824,(주)아이퀘스트,Java 웹프로그래머 경력자 모집(전문연구요원 지원가능),~ 03/26(금) 입사지원,서울 구로구 경력3년↑ 초대졸↑ 정규직,https://www.saramin.co.kr/zf_user/jobs/relay/view?view_type=search&rec_idx=39688824&location=ts&searchword=java&searchType=default_mysearch&paid_fl=n
39633498,㈜새롬정보시스템,"SI 프로젝트 리더(PM,PL) 및 JAVA웹개발 경력직 채용공고",~ 04/19(월) 입사지원,서울 금천구 경력 3~20년 초대졸↑ 정규직,https://www.saramin.co.kr/zf_user/jobs/relay/view?view_type=search&rec_idx=39633498&location=ts&searchword=java&searchType=default_mysearch&paid_fl=n
39842541,(주)엔에스스마트,"JAVA/JSP / iOS개발 - 반응형 App : 솔루션, SM, SI외 경력",~ 05/18(화) 입사지원,서울 영등포구 경력무관 대졸↑ 정규직,https://www.saramin.co.kr/zf_user/jobs/relay/view?view_type=search&rec_idx=39842541&location=ts&searchword=java&searchType=default_mysearch&paid_fl=n
39709102,(주)씽크정보기술,"SI, JAVA, JSP 개발자 모집 - 경력직원",~ 03/31(수) 입사지원,서울 서초구 경력 3~20년 초대졸↑ 정규직·기간제,https://www.saramin.co.kr/zf_user/jobs/relay/view?view_type=search&rec_idx=39709102&location=ts&searchword=java&searchType=default_mysearch&paid_fl=n
39848483,(주)스카이웨어,"e-커머스 솔루션 개발,운영 (java ,Vue.js) - 경력채용",~ 05/21(금) 입사지원,서울 마포구 경력 3~20년 초대졸↑ 정규직,https://www.saramin.co.kr/zf_user/jobs/relay/view?view_type=search&rec_idx=39848483&location=ts&searchword=java&searchType=default_mysearch&paid_fl=n
39842198,㈜비오테크컨설팅,Web/JAVA Spring/오라클/MSSQL 경력직/,~ 04/18(일) 입사지원,서울 송파구 경력 초대졸↑ 정규직,https://www.saramin.co.kr/zf_user/jobs/relay/view?view_type=search&rec_idx=39842198&location=ts&searchword=java&searchType=default_mysearch&paid_fl=n
39705114,(주)오에스씨코리아,Java 설계 & 개발 전문가,채용시 입사지원,서울 서초구 경력5년↑ 학력무관 정규직·계약직,https://www.saramin.co.kr/zf_user/jobs/relay/view?view_type=search&rec_idx=39705114&location=ts&searchword=java&searchType=default_mysearch&paid_fl=n
39678212,(주)아이서티,"웹 프로그램(JAVA, JSP, SPRING, ORACLE/MS-SQL)경력직 채용",~ 04/25(일) 입사지원,서울 성동구 경력 2~10년 초대졸↑ 정규직,https://www.saramin.co.kr/zf_user/jobs/relay/view?view_type=search&rec_idx=39678212&location=ts&searchword=java&searchType=default_mysearch&paid_fl=n
39711000,(주)컨셉터스,빅데이터 AI플랫폼 데이터 엔지니어(JAVA/Python/C++)경력직채용,~ 03/31(수) 입사지원,"서울 강남구 경력3년↑ 학력무관 정규직 5,000~6,000",https://www.saramin.co.kr/zf_user/jobs/relay/view?view_type=search&rec_idx=39711000&location=ts&searchword=java&searchType=default_mysearch&paid_fl=n
39767862,(주)이트라이브,"[정규/경력] 웹개발(Java/JSP) 및 앱개발(Android, iOS) 부문모",~ 03/29(월) 입사지원,서울 마포구 경력2년↑ 초대졸↑ 정규직·계약직,https://www.saramin.co.kr/zf_user/jobs/relay/view?view_type=search&rec_idx=39767862&location=ts&searchword=java&searchType=default_mysearch&paid_fl=n
39727543,에스2정보(주),"Java·JSP, Linux, Java 정규직 채용(경력)",~ 05/03(월) 입사지원,서울 서초구 경력 3~10년 학력무관 정규직,https://www.saramin.co.kr/zf_user/jobs/relay/view?view_type=search&rec_idx=39727543&location=ts&searchword=java&searchType=default_mysearch&paid_fl=n
39687638,(주)케이씨넷,[관계사 채용] JAVA개발 경력직 채용,~ 03/31(수) 입사지원,서울 금천구 경력2년↑ 대졸↑ 정규직,https://www.saramin.co.kr/zf_user/jobs/relay/view?view_type=search&rec_idx=39687638&location=ts&searchword=java&searchType=default_mysearch&paid_fl=n
39799510,(주)미르이즈,응용프로그램개발(Java/Oracle) 중급~고급 개발자 채용,~ 05/14(금) 입사지원,서울 마포구 경력4년↑ 대졸↑ 정규직,https://www.saramin.co.kr/zf_user/jobs/relay/view?view_type=search&rec_idx=39799510&location=ts&searchword=java&searchType=default_mysearch&paid_fl=n
39525754,(주)지엠솔루션,[LG CNS PP사] JAVA 초급/중급 웹개발자 채용,~ 04/02(금) 입사지원,서울 금천구 경력2년↑ 초대졸↑ 정규직,https://www.saramin.co.kr/zf_user/jobs/relay/view?view_type=search&rec_idx=39525754&location=ts&searchword=java&searchType=default_mysearch&paid_fl=n
39515552,(주)타이코콜렉션,"웹개발자모집(ASP,PHP,JAVA,JSP,앱작업,재택)",~ 03/30(화) 입사지원,서울 강남구 경력 학력무관 프리랜서,https://www.saramin.co.kr/zf_user/jobs/relay/view?view_type=search&rec_idx=39515552&location=ts&searchword=java&searchType=default_mysearch&paid_fl=n
39727504,(주)인싸이트,"[기업부설연구소] IT웹개발 (Spring, java, jsp) (경력)",채용시 입사지원,서울 마포구 경력 3~6년 대졸↑ 정규직,https://www.saramin.co.kr/zf_user/jobs/relay/view?view_type=search&rec_idx=39727504&location=ts&searchword=java&searchType=default_mysearch&paid_fl=n
39834900,(주)티모넷코리아,[경력] Spring 기반 JAVA 웹 개발자 채용,~ 03/31(수) 입사지원,서울 서초구 경력6년↑ 학력무관 계약직·프리랜서,https://www.saramin.co.kr/zf_user/jobs/relay/view?view_type=search&rec_idx=39834900&location=ts&searchword=java&searchType=default_mysearch&paid_fl=n
39835037,㈜아이앤아이맥스,[C / JAVA] 네트워크 보안솔루션 연구소 개발자 채용(신입/경력),~ 05/17(월) 입사지원,서울 서초구 신입·경력 초대졸↑ 정규직,https://www.saramin.co.kr/zf_user/jobs/relay/view?view_type=search&rec_idx=39835037&location=ts&searchword=java&searchType=default_mysearch&paid_fl=n
39530957,토모도모(주),JAVA 초급 웹개발/운영 채용 (여의도),~ 04/02(금) 입사지원,서울 종로구 경력2년↑ 초대졸↑ 프리랜서,https://www.saramin.co.kr/zf_user/jobs/relay/view?view_type=search&rec_idx=39530957&location=ts&searchword=java&searchType=default_mysearch&paid_fl=n
39571186,엔에이치엔한국사이버결제 주식회사,NHN KCP(주) 서버 프로세스 개발(Java),채용시 입사지원,서울 구로구 경력 3~6년 초대졸↑ 정규직,https://www.saramin.co.kr/zf_user/jobs/relay/view?view_type=search&rec_idx=39571186&location=ts&searchword=java&searchType=default_mysearch&paid_fl=n
39722315,비즈톡(주),카카오톡 연계 서비스 JAVA FullStack WEB 개발자 모집,~ 05/02(일) 입사지원,서울 강남구 신입·경력 초대졸↑ 정규직,https://www.saramin.co.kr/zf_user/jobs/relay/view?view_type=search&rec_idx=39722315&location=ts&searchword=java&searchType=default_mysearch&paid_fl=n
39642559,스퀘어네트(주),Java 웹개발 경력사원 모집,~ 04/20(화) 입사지원,서울 강남구 경력무관 초대졸↑ 정규직,https://www.saramin.co.kr/zf_user/jobs/relay/view?view_type=search&rec_idx=39642559&location=ts&searchword=java&searchType=default_mysearch&paid_fl=n
39733020,유젠,[정규직] 경력 JAVA 개발자를 모십니다. (e-Commerce),~ 03/31(수) 입사지원,서울 강남구 경력4년↑ 초대졸↑ 정규직,https://www.saramin.co.kr/zf_user/jobs/relay/view?view_type=search&rec_idx=39733020&location=ts&searchword=java&searchType=default_mysearch&paid_fl=n
39623845,(주)블루코어,JAVA 개발 경력직 채용,~ 04/18(일) 입사지원,서울 강남구 경력5년↑ 초대졸↑ 정규직,https://www.saramin.co.kr/zf_user/jobs/relay/view?view_type=search&rec_idx=39623845&location=ts&searchword=java&searchType=default_mysearch&paid_fl=n
39543573,(주)클로비스,클라우드기반 CRM 개발자 -JAVA/객체지향언어 경력,채용시 입사지원,서울 강남구 경력 3~7년 대졸↑ 정규직,https://www.saramin.co.kr/zf_user/jobs/relay/view?view_type=search&rec_idx=39543573&location=ts&searchword=java&searchType=default_mysearch&paid_fl=n
39725904,(주)한국소프트웨어아이엔씨,"IT강사님 모집합니다. ( JAVA, 빅데이터, 파이썬 외)",채용시 입사지원,서울 금천구 경력 학력무관 정규직·전임,https://www.saramin.co.kr/zf_user/jobs/relay/view?view_type=search&rec_idx=39725904&location=ts&searchword=java&searchType=default_mysearch&paid_fl=n
39833629,주식회사 알에이치에스엔씨,"Java, JSP 웹개발자 채용 (경력직) 공공 SI & SM",~ 04/30(금) 입사지원,인천 서구 경력7년↑ 대졸↑ 정규직,https://www.saramin.co.kr/zf_user/jobs/relay/view?view_type=search&rec_idx=39833629&location=ts&searchword=java&searchType=default_mysearch&paid_fl=n
39593110,㈜루트시스템즈,[경력채용] 대기업관공서 JAVA 프로그래머 채용모집,~ 04/12(월) 입사지원,"서울 성북구 경력 1~3년 대졸↑ 정규직·프리랜서 3,200~3,400",https://www.saramin.co.kr/zf_user/jobs/relay/view?view_type=search&rec_idx=39593110&location=ts&searchword=java&searchType=default_mysearch&paid_fl=n
39561257,(주)이노트리,Java 개발 경력직 모집,~ 03/31(수) 입사지원,서울 강남구 경력2년↑ 초대졸↑ 정규직,https://www.saramin.co.kr/zf_user/jobs/relay/view?view_type=search&rec_idx=39561257&location=ts&searchword=java&searchType=default_mysearch&paid_fl=n
39739814,(주)엠에스링크앤솔루션,JAVA/JSP/JavaScript 신입 개발자 모집,~ 04/04(일) 입사지원,서울 성동구 신입 초대졸↑ 정규직,https://www.saramin.co.kr/zf_user/jobs/relay/view?view_type=search&rec_idx=39739814&location=ts&searchword=java&searchType=default_mysearch&paid_fl=n
39777667,에스피테크놀러지(주),에스피테크놀러지(주) 각 분야 Java 개발자 경력직 모집,~ 03/25(목) 입사지원,서울 서초구 경력5년↑ 대졸↑ 정규직,https://www.saramin.co.kr/zf_user/jobs/relay/view?view_type=search&rec_idx=39777667&location=ts&searchword=java&searchType=default_mysearch&paid_fl=n
39721286,(주)씨엘정보기술,2021년 Java·JSP 신입&경력 채용,~ 03/31(수) 입사지원,경기 군포시 경력무관 학력무관 정규직·계약직,https://www.saramin.co.kr/zf_user/jobs/relay/view?view_type=search&rec_idx=39721286&location=ts&searchword=java&searchType=default_mysearch&paid_fl=n
39668220,(주)클로비스,클라우드기반 CRM 신입개발자 -JAVA/객체지향언어,~ 04/24(토) 입사지원,서울 강남구 신입 대졸↑ 정규직,https://www.saramin.co.kr/zf_user/jobs/relay/view?view_type=search&rec_idx=39668220&location=ts&searchword=java&searchType=default_mysearch&paid_fl=n
39763484,(주)스카우트플랜,[경력] 백엔드 JAVA 개발(서울대학교 연구실 창업기업/스탁옵션),내일마감 입사지원,"서울 강남구 경력 1~5년 대졸↑ 정규직 7,000~8,000",https://www.saramin.co.kr/zf_user/jobs/relay/view?view_type=search&rec_idx=39763484&location=ts&searchword=java&searchType=default_mysearch&paid_fl=n
39793570,(주)에이치알맨파워그룹,JAVA 개발 대리~과(차)장급 경력사원 모집,~ 04/12(월) 입사지원,서울 중구 경력4년↑ 대졸↑ 정규직,https://www.saramin.co.kr/zf_user/jobs/relay/view?view_type=search&rec_idx=39793570&location=ts&searchword=java&searchType=default_mysearch&paid_fl=n
39814403,(주)헬로서치,[그룹계열사]Java 업무포탈 유지보수 인재를 모십니다..,~ 04/15(목) 입사지원,서울 강남구 경력 3~13년 대졸↑ 정규직,https://www.saramin.co.kr/zf_user/jobs/relay/view?view_type=search&rec_idx=39814403&location=ts&searchword=java&searchType=default_mysearch&paid_fl=n
39824548,(주)텍트원,"JAVA, JSP, SfringFramework, Frontend WEB 개발(경력) 모집",~ 05/16(일) 입사지원,경기 안양시 동안구 경력1년↑ 학력무관 정규직·기간제,https://www.saramin.co.kr/zf_user/jobs/relay/view?view_type=search&rec_idx=39824548&location=ts&searchword=java&searchType=default_mysearch&paid_fl=n
39739847,(주)엠에스링크앤솔루션,JAVA/JSP/JavaScript 경력 개발자 모집,~ 04/04(일) 입사지원,서울 성동구 신입·경력 초대졸↑ 정규직,https://www.saramin.co.kr/zf_user/jobs/relay/view?view_type=search&rec_idx=39739847&location=ts&searchword=java&searchType=default_mysearch&paid_fl=n
39667654,(주)미르인컴,"JAVA, JSP 경력 개발자 모십니다",채용시 입사지원,서울 강남구 경력 1~10년 고졸↑ 정규직,https://www.saramin.co.kr/zf_user/jobs/relay/view?view_type=search&rec_idx=39667654&location=ts&searchword=java&searchType=default_mysearch&paid_fl=n
39708235,(주)에이펙스아이티,Java 경력 개발자 모집-(2~3년경력 광화문근무),~ 05/01(토) 입사지원,서울 종로구 경력 2~4년 대졸↑ 정규직,https://www.saramin.co.kr/zf_user/jobs/relay/view?view_type=search&rec_idx=39708235&location=ts&searchword=java&searchType=default_mysearch&paid_fl=n
39694915,(주)아라인,"[시니어 경력] 웹 개발자 (Java, Jsp, Spring) 채용",~ 04/25(일) 입사지원,서울 강남구 경력 10~20년 학력무관 정규직,https://www.saramin.co.kr/zf_user/jobs/relay/view?view_type=search&rec_idx=39694915&location=ts&searchword=java&searchType=default_mysearch&paid_fl=n
39483385,(주)지엠솔루션,[LG CNS PP사] JAVA 고급 웹개발자 채용,~ 03/26(금) 입사지원,서울 금천구 경력6년↑ 초대졸↑ 정규직,https://www.saramin.co.kr/zf_user/jobs/relay/view?view_type=search&rec_idx=39483385&location=ts&searchword=java&searchType=default_mysearch&paid_fl=n
39602048,(주)디타스,웹개발자(JAVA/Oracle/반응형웹/Html5) 채용,~ 04/16(금) 입사지원,서울 강남구 경력 초대졸↑ 정규직·프리랜서,https://www.saramin.co.kr/zf_user/jobs/relay/view?view_type=search&rec_idx=39602048&location=ts&searchword=java&searchType=default_mysearch&paid_fl=n
39612951,(주)시너젠,JAVA·Spring 기반의 개발자 채용,~ 04/17(토) 입사지원,서울 성동구 경력1년↑ 초대졸↑ 정규직,https://www.saramin.co.kr/zf_user/jobs/relay/view?view_type=search&rec_idx=39612951&location=ts&searchword=java&searchType=default_mysearch&paid_fl=n
39659533,(주)인텍솔루션,[상암동] 물류 / 영업 시스템 운영) Java 고급 유지보수 모집,내일마감 입사지원,서울 마포구 경력9년↑ 학력무관 계약직·프리랜서,https://www.saramin.co.kr/zf_user/jobs/relay/view?view_type=search&rec_idx=39659533&location=ts&searchword=java&searchType=default_mysearch&paid_fl=n
39804955,제이씨스퀘어(주),[솔루션/플랫폼] JAVA WEB 개발자 모집,~ 03/31(수) 입사지원,서울 강남구 신입·경력 초대졸↑ 정규직,https://www.saramin.co.kr/zf_user/jobs/relay/view?view_type=search&rec_idx=39804955&location=ts&searchword=java&searchType=default_mysearch&paid_fl=n
39704705,(주)퀸텟시스템즈,[정규직] JAVA 개발 신입/경력 사원 채용,~ 04/01(목) 입사지원,서울 영등포구 신입·경력 초대졸↑ 정규직,https://www.saramin.co.kr/zf_user/jobs/relay/view?view_type=search&rec_idx=39704705&location=ts&searchword=java&searchType=default_mysearch&paid_fl=n
39834192,(주)리마커블소프트,리마커블한 정규직 사원 채용 (Java 웹 개발ㆍPM/PL),~ 03/31(수) 입사지원,서울 영등포구 신입·경력 초대졸↑ 정규직,https://www.saramin.co.kr/zf_user/jobs/relay/view?view_type=search&rec_idx=39834192&location=ts&searchword=java&searchType=default_mysearch&paid_fl=n
39735133,(주)아이퀘스트,[강소기업] 안드로이드앱(JAVA) 개발자 모집,~ 03/26(금) 입사지원,서울 구로구 경력무관 초대졸↑ 정규직,https://www.saramin.co.kr/zf_user/jobs/relay/view?view_type=search&rec_idx=39735133&location=ts&searchword=java&searchType=default_mysearch&paid_fl=n
39778465,(주)지오아이티,Java·JSP등 웹시스템 개발 신입/경력사원 모집,~ 05/10(월) 입사지원,서울 금천구 신입·경력 초대졸↑ 정규직,https://www.saramin.co.kr/zf_user/jobs/relay/view?view_type=search&rec_idx=39778465&location=ts&searchword=java&searchType=default_mysearch&paid_fl=n
39530955,(주)텍트원,JAVA/JSP/WEB 개발자 신입/경력[안양/인덕원],~ 04/02(금) 입사지원,경기 안양시 동안구 경력무관 고졸↑ 정규직,https://www.saramin.co.kr/zf_user/jobs/relay/view?view_type=search&rec_idx=39530955&location=ts&searchword=java&searchType=default_mysearch&paid_fl=n
39538827,(주)다쏘,Hybrid Mobile 개발 및 JAVA(스프링) 개발팀 직원 모집,~ 04/03(토) 입사지원,서울 마포구 신입·경력 학력무관 정규직,https://www.saramin.co.kr/zf_user/jobs/relay/view?view_type=search&rec_idx=39538827&location=ts&searchword=java&searchType=default_mysearch&paid_fl=n
39761496,(주)리얼아이브이,JAVA 신입 개발자 채용 공고,~ 05/08(토) 입사지원,서울 송파구 신입 학력무관 정규직,https://www.saramin.co.kr/zf_user/jobs/relay/view?view_type=search&rec_idx=39761496&location=ts&searchword=java&searchType=default_mysearch&paid_fl=n
39482454,(주)에스오엑스,Javascript/Java 개발자 모집,~ 03/25(목) 입사지원,서울 노원구 경력무관 대졸↑ 정규직,https://www.saramin.co.kr/zf_user/jobs/relay/view?view_type=search&rec_idx=39482454&location=ts&searchword=java&searchType=default_mysearch&paid_fl=n
39709077,(주)씽크정보기술,SI사업 Java개발자 채용 - 신입,~ 03/31(수) 입사지원,서울 서초구 신입 초대졸↑ 정규직·기간제,https://www.saramin.co.kr/zf_user/jobs/relay/view?view_type=search&rec_idx=39709077&location=ts&searchword=java&searchType=default_mysearch&paid_fl=n
39600309,(주)우리아이시티,Java/JSP 웹 개발자 모집(신입/경력),~ 04/16(금) 입사지원,서울 금천구 경력무관 학력무관 정규직·프리랜서,https://www.saramin.co.kr/zf_user/jobs/relay/view?view_type=search&rec_idx=39600309&location=ts&searchword=java&searchType=default_mysearch&paid_fl=n
39845321,(주)하솜정보기술,중앙관리 java 프로그래머 및 서버 개발자 모집(연구소 내근),~ 04/19(월) 입사지원,서울 마포구 경력무관 초대졸↑ 정규직,https://www.saramin.co.kr/zf_user/jobs/relay/view?view_type=search&rec_idx=39845321&location=ts&searchword=java&searchType=default_mysearch&paid_fl=n
39735749,하이퍼테크,JAVA 웹 및 오픈소스 인턴 개발직,~ 03/26(금) 입사지원,서울 마포구 경력무관 대졸↑ 정규직·인턴직,https://www.saramin.co.kr/zf_user/jobs/relay/view?view_type=search&rec_idx=39735749&location=ts&searchword=java&searchType=default_mysearch&paid_fl=n
39722329,비즈톡(주),카카오톡 연계 서비스 JAVA WEB 개발자 모집,~ 05/02(일) 입사지원,서울 강남구 신입·경력 초대졸↑ 정규직,https://www.saramin.co.kr/zf_user/jobs/relay/view?view_type=search&rec_idx=39722329&location=ts&searchword=java&searchType=default_mysearch&paid_fl=n
39715264,(주)이팝콘,Java/Spring/Api/BigData 서비스 개발 Java 신입 채용,~ 05/02(일) 입사지원,"서울 서초구 신입 대졸↑ 정규직 2,800~3,000",https://www.saramin.co.kr/zf_user/jobs/relay/view?view_type=search&rec_idx=39715264&location=ts&searchword=java&searchType=default_mysearch&paid_fl=n
39526727,디지털원(주),JAVA 시스템 및 웹 개발자 채용 (SI/SM 분야),~ 03/31(수) 입사지원,서울 금천구 경력무관 초대졸↑ 정규직,https://www.saramin.co.kr/zf_user/jobs/relay/view?view_type=search&rec_idx=39526727&location=ts&searchword=java&searchType=default_mysearch&paid_fl=n
39528396,(주)비에프솔루션,JAVA [신입] 개발자 - 스마트 모빌리티 플랫폼 개발 및 운영,채용시 입사지원,서울 금천구 신입 초대졸↑ 정규직,https://www.saramin.co.kr/zf_user/jobs/relay/view?view_type=search&rec_idx=39528396&location=ts&searchword=java&searchType=default_mysearch&paid_fl=n
39600675,(주)누리앱,JAVA 신입 개발자 (SI/SM 5팀),~ 04/16(금) 입사지원,"서울 영등포구 신입 초대졸↑ 정규직·인턴직 2,600~2,800",https://www.saramin.co.kr/zf_user/jobs/relay/view?view_type=search&rec_idx=39600675&location=ts&searchword=java&searchType=default_mysearch&paid_fl=n
39710775,(주)넥스트아이씨티,"[신입]JAVA, JSP, WEB, ERP, SI개발",~ 05/01(토) 입사지원,"서울 구로구 신입 학력무관 정규직 2,600~2,800",https://www.saramin.co.kr/zf_user/jobs/relay/view?view_type=search&rec_idx=39710775&location=ts&searchword=java&searchType=default_mysearch&paid_fl=n
39737240,(주)위지온,Java 서버 및 웹 프로그램 개발자(신입/경력) 모집,~ 05/04(화) 입사지원,서울 구로구 신입·경력 초대졸↑ 정규직,https://www.saramin.co.kr/zf_user/jobs/relay/view?view_type=search&rec_idx=39737240&location=ts&searchword=java&searchType=default_mysearch&paid_fl=n
39824975,핀스정보기술,JAVA/C 개발자 모십니다,~ 05/16(일) 입사지원,서울 마포구 신입·경력 초대졸↑ 정규직·계약직,https://www.saramin.co.kr/zf_user/jobs/relay/view?view_type=search&rec_idx=39824975&location=ts&searchword=java&searchType=default_mysearch&paid_fl=n
39574146,(주)열린기술,[신입/경력] 개발자 채용 - JAVA/Spring 혹은 ASP.NET/MVC,~ 04/09(금) 입사지원,서울 강남구 신입·경력 초대졸↑ 정규직,https://www.saramin.co.kr/zf_user/jobs/relay/view?view_type=search&rec_idx=39574146&location=ts&searchword=java&searchType=default_mysearch&paid_fl=n
39720369,에쓰오씨소프트(주),"웹/빅데이터플랫폼 개발자(java, GIS, DB, 빅데이터) 모집 공고",~ 05/02(일) 입사지원,서울 구로구 신입·경력 학력무관 정규직,https://www.saramin.co.kr/zf_user/jobs/relay/view?view_type=search&rec_idx=39720369&location=ts&searchword=java&searchType=default_mysearch&paid_fl=n
39761970,효성티앤에스(주),[Java Web 개발자 채용] (효성티앤에스(주)),~ 03/28(일) 입사지원,서울 강남구 경력8년↑ 학력무관 기간제·계약직,https://www.saramin.co.kr/zf_user/jobs/relay/view?view_type=search&rec_idx=39761970&location=ts&searchword=java&searchType=default_mysearch&paid_fl=n
39724465,(주)이팝콘,"Spring, BIgData 기반 JAVA BACK-END 개발자 채용",~ 05/03(월) 입사지원,"서울 서초구 신입 대졸↑ 정규직 2,800~3,000",https://www.saramin.co.kr/zf_user/jobs/relay/view?view_type=search&rec_idx=39724465&location=ts&searchword=java&searchType=default_mysearch&paid_fl=n
39848931,디비비전㈜,"Java,Jsp 프로그램 개발자 모집합니다.",~ 03/31(수) 입사지원,서울 금천구 신입·경력 초대졸↑ 정규직,https://www.saramin.co.kr/zf_user/jobs/relay/view?view_type=search&rec_idx=39848931&location=ts&searchword=java&searchType=default_mysearch&paid_fl=n
39823419,(주)에코앤파트너스,(주)에코앤파트너스 정규직( JAVA개발자 신입/경력) 채용,내일마감 입사지원,서울 강서구 신입 대졸↑ 정규직·계약직,https://www.saramin.co.kr/zf_user/jobs/relay/view?view_type=search&rec_idx=39823419&location=ts&searchword=java&searchType=default_mysearch&paid_fl=n
39674109,(주)맥스나인,"솔루션 개발(Java, MariaDB, C#) 경력사원 채용 (대리, 과장급)",~ 04/01(목) 입사지원,"서울 영등포구 경력 5~10년 학력무관 정규직 4,000~5,000",https://www.saramin.co.kr/zf_user/jobs/relay/view?view_type=search&rec_idx=39674109&location=ts&searchword=java&searchType=default_mysearch&paid_fl=n
39847330,(주)인피니그루,FDS솔루션 Java 개발자(신입 및 경력직),~ 05/20(목) 입사지원,서울 성동구 신입·경력 초대졸↑ 정규직,https://www.saramin.co.kr/zf_user/jobs/relay/view?view_type=search&rec_idx=39847330&location=ts&searchword=java&searchType=default_mysearch&paid_fl=n
39833496,(주)이씨오,java 및 node.js 개발자 모집,~ 05/17(월) 입사지원,서울 성동구 경력무관 학력무관 정규직,https://www.saramin.co.kr/zf_user/jobs/relay/view?view_type=search&rec_idx=39833496&location=ts&searchword=java&searchType=default_mysearch&paid_fl=n
39799464,(주)미르이즈,응용프로그램개발(Java/Oracle) 초급 개발자 채용,~ 05/14(금) 입사지원,서울 마포구 신입·경력 대졸↑ 정규직,https://www.saramin.co.kr/zf_user/jobs/relay/view?view_type=search&rec_idx=39799464&location=ts&searchword=java&searchType=default_mysearch&paid_fl=n
39848765,(주)이테크시스템,[RPA개발] 신입/경력 개발자 모집(JAVA 개발 능력 보유자),~ 04/04(일) 입사지원,서울 중구 신입·경력 초대졸↑ 정규직,https://www.saramin.co.kr/zf_user/jobs/relay/view?view_type=search&rec_idx=39848765&location=ts&searchword=java&searchType=default_mysearch&paid_fl=n
39636863,큐스튜디오,JAVA 및 어플리케이션 개발자를 모집합니다.,~ 04/19(월) 입사지원,서울 금천구 경력무관 학력무관 정규직·계약직,https://www.saramin.co.kr/zf_user/jobs/relay/view?view_type=search&rec_idx=39636863&location=ts&searchword=java&searchType=default_mysearch&paid_fl=n
39690308,(주)다이나시스템,"개발팀 Java·JSP 신입, 경력 채용",~ 04/27(화) 입사지원,"서울 영등포구 신입·경력 대졸↑ 정규직·기간제 2,600~2,800",https://www.saramin.co.kr/zf_user/jobs/relay/view?view_type=search&rec_idx=39690308&location=ts&searchword=java&searchType=default_mysearch&paid_fl=n
39681027,위쉬정보기술㈜,JAVA/ JSP 개발/운영 신입/경력사원 모집,~ 04/26(월) 입사지원,서울 구로구 경력무관 학력무관 정규직·계약직,https://www.saramin.co.kr/zf_user/jobs/relay/view?view_type=search&rec_idx=39681027&location=ts&searchword=java&searchType=default_mysearch&paid_fl=n
39652110,대한에프에이시스템(주),"C#, ASP.Net, JAVA개발 신입 및 경력자(2~12년) 서울 모집합니다",~ 04/23(금) 입사지원,서울 강남구 신입·경력 대졸↑ 정규직,https://www.saramin.co.kr/zf_user/jobs/relay/view?view_type=search&rec_idx=39652110&location=ts&searchword=java&searchType=default_mysearch&paid_fl=n
39813622,캣벨컴퍼니(주),Backend 웹 개발자 (JAVA Spring & Node.js) 채용,~ 05/15(토) 입사지원,서울 성동구 경력무관 고졸↑ 정규직,https://www.saramin.co.kr/zf_user/jobs/relay/view?view_type=search&rec_idx=39813622&location=ts&searchword=java&searchType=default_mysearch&paid_fl=n
39709066,㈜싸이버시스템,"정보시스템 개발 및 유지보수(JAVA, JSP) 모집",~ 05/01(토) 입사지원,서울 도봉구 신입·경력 초대졸↑ 정규직·기간제,https://www.saramin.co.kr/zf_user/jobs/relay/view?view_type=search&rec_idx=39709066&location=ts&searchword=java&searchType=default_mysearch&paid_fl=n
39642533,(주)인투구루,"Java, Spring, Vuejs 정규직 채용",~ 04/20(화) 입사지원,서울 구로구 신입·경력 학력무관 정규직,https://www.saramin.co.kr/zf_user/jobs/relay/view?view_type=search&rec_idx=39642533&location=ts&searchword=java&searchType=default_mysearch&paid_fl=n
39825136,(주)감정평가법인세종,Java 개발자 모집,내일마감 입사지원,서울 강남구 경력1년↑ 학력무관 정규직,https://www.saramin.co.kr/zf_user/jobs/relay/view?view_type=search&rec_idx=39825136&location=ts&searchword=java&searchType=default_mysearch&paid_fl=n
39677197,(주)앤드와이즈,자바(JAVA) 기반 대량메일솔루션 개발자 모집,~ 04/25(일) 입사지원,서울 강남구 경력무관 초대졸↑ 정규직,https://www.saramin.co.kr/zf_user/jobs/relay/view?view_type=search&rec_idx=39677197&location=ts&searchword=java&searchType=default_mysearch&paid_fl=n
39798598,수테크시스템즈(주),자바(java) 개발자 정규직 채용,~ 05/14(금) 입사지원,서울 금천구 경력무관 초대졸↑ 정규직,https://www.saramin.co.kr/zf_user/jobs/relay/view?view_type=search&rec_idx=39798598&location=ts&searchword=java&searchType=default_mysearch&paid_fl=n
39781922,상상스토리(주),"[정규직] JAVA, JSP 신입 개발자 채용",~ 05/10(월) 입사지원,서울 구로구 신입 초대졸↑ 정규직,https://www.saramin.co.kr/zf_user/jobs/relay/view?view_type=search&rec_idx=39781922&location=ts&searchword=java&searchType=default_mysearch&paid_fl=n
39603404,(주)쓰리소프트플러스,[신입] 개발자 모집( Java / Jsp ),~ 03/31(수) 입사지원,서울 중구 신입 초대졸↑ 정규직,https://www.saramin.co.kr/zf_user/jobs/relay/view?view_type=search&rec_idx=39603404&location=ts&searchword=java&searchType=default_mysearch&paid_fl=n
39777587,(주)제스트씨엔에스,"2021년도 신입 웹개발자(JAVA,JSP) 채용",~ 05/10(월) 입사지원,"서울 구로구 경력무관 고졸↑ 정규직 2,600~2,800",https://www.saramin.co.kr/zf_user/jobs/relay/view?view_type=search&rec_idx=39777587&location=ts&searchword=java&searchType=default_mysearch&paid_fl=n
39821063,(주)씨앤비플러스,JAVA 초급 개발자 모집[신입or경력],~ 04/05(월) 입사지원,서울 금천구 경력무관 초대졸↑ 정규직,https://www.saramin.co.kr/zf_user/jobs/relay/view?view_type=search&rec_idx=39821063&location=ts&searchword=java&searchType=default_mysearch&paid_fl=n
39668171,(주)케이사인,[보안솔루션개발] Java 개발자 모집,채용시 입사지원,서울 강남구 경력무관 초대졸↑ 정규직,https://www.saramin.co.kr/zf_user/jobs/relay/view?view_type=search&rec_idx=39668171&location=ts&searchword=java&searchType=default_mysearch&paid_fl=n
38884575,(주)한국소프트웨어아이엔씨,[국비/노동부지원100%무료IT취업과정]JAVA/자바개발자 취업과정,~ 03/31(수) 입사지원,서울 금천구 경력무관 학력무관 교육생,https://www.saramin.co.kr/zf_user/jobs/relay/view?view_type=search&rec_idx=38884575&location=ts&searchword=java&searchType=default_mysearch&paid_fl=n
39675710,(사)한국아이티전문가협회,서울시 뉴딜 일자리 기업맞춤형 JAVA 웹개발자 양성과정 모집,~ 03/28(일) 입사지원,서울 구로구 경력무관 학력무관 교육생,https://www.saramin.co.kr/zf_user/jobs/relay/view?view_type=search&rec_idx=39675710&location=ts&searchword=java&searchType=default_mysearch&paid_fl=n
39730078,(주)씨인플러스,[정규직] 신입 Java 개발자 채용(내일채움공제 대상기업),~ 04/03(토) 입사지원,서울 금천구 신입 초대졸↑ 정규직,https://www.saramin.co.kr/zf_user/jobs/relay/view?view_type=search&rec_idx=39730078&location=ts&searchword=java&searchType=default_mysearch&paid_fl=n
39718874,(주)시루정보,[㈜시루정보] Java 개발자 신입직원 채용,~ 03/31(수) 입사지원,서울 마포구 신입 대졸↑ 정규직,https://www.saramin.co.kr/zf_user/jobs/relay/view?view_type=search&rec_idx=39718874&location=ts&searchword=java&searchType=default_mysearch&paid_fl=n
39501064,엠앤와이즈,JAVA/웹 개발자 채용 (신입/경력),~ 03/28(일) 입사지원,"서울 구로구 경력무관 초대졸↑ 정규직·계약직 2,800~3,000",https://www.saramin.co.kr/zf_user/jobs/relay/view?view_type=search&rec_idx=39501064&location=ts&searchword=java&searchType=default_mysearch&paid_fl=n
39526074,(주)피노소프트,"JAVA,JSP 프로그램개발 신입 사원 모집합니다",상시채용 입사지원,"서울 금천구 신입 초대졸↑ 정규직 2,600~2,800",https://www.saramin.co.kr/zf_user/jobs/relay/view?view_type=search&rec_idx=39526074&location=ts&searchword=java&searchType=default_mysearch&paid_fl=n
39593108,㈜루트시스템즈,[신입채용] 대기업관공서 JAVA 프로그래머 채용모집,~ 04/12(월) 입사지원,"서울 성북구 신입 대졸↑ 정규직·프리랜서 3,000~3,200",https://www.saramin.co.kr/zf_user/jobs/relay/view?view_type=search&rec_idx=39593108&location=ts&searchword=java&searchType=default_mysearch&paid_fl=n
39570296,(주)지산웨어,지산웨어와 함께할 신입/경력 JAVA개발자를 모집합니다.,채용시 입사지원,서울 구로구 신입·경력 대졸↑ 정규직,https://www.saramin.co.kr/zf_user/jobs/relay/view?view_type=search&rec_idx=39570296&location=ts&searchword=java&searchType=default_mysearch&paid_fl=n
39813908,(주)갈렙스랩,[금융IT] 전문 개발자 신입 및 경력 공채 (JAVA/C/ANDROID/IOS),~ 03/31(수) 입사지원,서울 서초구 신입·경력 초대졸↑ 정규직,https://www.saramin.co.kr/zf_user/jobs/relay/view?view_type=search&rec_idx=39813908&location=ts&searchword=java&searchType=default_mysearch&paid_fl=n
39612024,(주)제스트씨엔에스,2021년도 상반기 Oracle/Java·JSP/Ajax/Java 신입 채용 공고,~ 04/17(토) 입사지원,"서울 구로구 경력무관 고졸↑ 정규직 2,600~2,800",https://www.saramin.co.kr/zf_user/jobs/relay/view?view_type=search&rec_idx=39612024&location=ts&searchword=java&searchType=default_mysearch&paid_fl=n
39631477,(주)블록체인컴퍼니,"블록체인, 거래소, JAVA기반 개발자 / DBA 채용",채용시 입사지원,서울 강남구 경력1년↑ 학력무관 정규직,https://www.saramin.co.kr/zf_user/jobs/relay/view?view_type=search&rec_idx=39631477&location=ts&searchword=java&searchType=default_mysearch&paid_fl=n
39831011,코드원시스템,"[청년디지털일자리]신입경력 AI딥러닝,OCR S/W개발(Java,Python)",~ 05/17(월) 입사지원,서울 송파구 신입·경력 초대졸↑ 정규직·기간제,https://www.saramin.co.kr/zf_user/jobs/relay/view?view_type=search&rec_idx=39831011&location=ts&searchword=java&searchType=default_mysearch&paid_fl=n
39819060,(주)시드아이티,"[SEEDIT]2021년도 상반기 채용.신입 java,jsp개발자를 모십니다.",~ 05/16(일) 입사지원,"서울 금천구 신입 학력무관 정규직 2,600~2,800",https://www.saramin.co.kr/zf_user/jobs/relay/view?view_type=search&rec_idx=39819060&location=ts&searchword=java&searchType=default_mysearch&paid_fl=n
39819679,(주)미디어꾼,[미디어꾼] JAVA 개발자 정규직 채용,~ 04/16(금) 입사지원,서울 마포구 경력무관 대졸↑ 정규직,https://www.saramin.co.kr/zf_user/jobs/relay/view?view_type=search&rec_idx=39819679&location=ts&searchword=java&searchType=default_mysearch&paid_fl=n
39744243,주식회사 서우컴퍼니,"(주)서우컴퍼니 SI/SM 신입 웹개발자(JAVA,JSP) 모집",~ 05/06(목) 입사지원,서울 구로구 경력무관 고졸↑ 정규직,https://www.saramin.co.kr/zf_user/jobs/relay/view?view_type=search&rec_idx=39744243&location=ts&searchword=java&searchType=default_mysearch&paid_fl=n
39840379,(주)제스트씨엔에스,"신입 웹개발자(JAVA,JSP) 채용",~ 05/18(화) 입사지원,"서울 구로구 경력무관 고졸↑ 정규직 2,600~2,800",https://www.saramin.co.kr/zf_user/jobs/relay/view?view_type=search&rec_idx=39840379&location=ts&searchword=java&searchType=default_mysearch&paid_fl=n
39773371,(주)오픈마인즈,2021 상반기 Java·JSP/API 인재선발 모집 공고,~ 05/09(일) 입사지원,서울 금천구 경력무관 초대졸↑ 정규직·계약직,https://www.saramin.co.kr/zf_user/jobs/relay/view?view_type=search&rec_idx=39773371&location=ts&searchword=java&searchType=default_mysearch&paid_fl=n
39563712,(주)트리아,"[신입/경력] 금융권 솔루션 개발 및 개발자(JAVA, DB, Web) 모집",채용시 입사지원,서울 영등포구 신입·경력 대졸↑ 정규직,https://www.saramin.co.kr/zf_user/jobs/relay/view?view_type=search&rec_idx=39563712&location=ts&searchword=java&searchType=default_mysearch&paid_fl=n
39833503,(주)아이티키,ITKey (주)아이티키 JAVA 신입 개발자 채용,~ 03/26(금) 입사지원,서울 금천구 신입 초대졸↑ 정규직,https://www.saramin.co.kr/zf_user/jobs/relay/view?view_type=search&rec_idx=39833503&location=ts&searchword=java&searchType=default_mysearch&paid_fl=n
39829263,㈜블루문소프트,"JSP, JAVA 보안프로그래머 모집",~ 03/31(수) 입사지원,서울 서초구 경력무관 초대졸↑ 정규직,https://www.saramin.co.kr/zf_user/jobs/relay/view?view_type=search&rec_idx=39829263&location=ts&searchword=java&searchType=default_mysearch&paid_fl=n
39568638,루키도 (Lucido),JAVA기반 프론트 or 백엔드 개발자 모집,~ 04/08(목) 입사지원,서울 광진구 경력무관 학력무관 정규직·프리랜서,https://www.saramin.co.kr/zf_user/jobs/relay/view?view_type=search&rec_idx=39568638&location=ts&searchword=java&searchType=default_mysearch&paid_fl=n
39581088,(주)비전브이아이텍,"경력,신입사원(JAVA/JSP사용자)을 모집 합니다",~ 04/10(토) 입사지원,서울 구로구 경력무관 대졸↑ 정규직·프리랜서,https://www.saramin.co.kr/zf_user/jobs/relay/view?view_type=search&rec_idx=39581088&location=ts&searchword=java&searchType=default_mysearch&paid_fl=n
39842207,㈜비오테크컨설팅,Web/JAVA Spring/JQUERY 신입,~ 04/18(일) 입사지원,서울 송파구 신입 초대졸↑ 정규직,https://www.saramin.co.kr/zf_user/jobs/relay/view?view_type=search&rec_idx=39842207&location=ts&searchword=java&searchType=default_mysearch&paid_fl=n
39723281,액트베이스유한책임회사,JAVA SPRING 기반의 웹개발 정규직/파견직 채용,~ 05/03(월) 입사지원,서울 강서구 경력무관 학력무관 정규직·파견직 (정규직 전환가능),https://www.saramin.co.kr/zf_user/jobs/relay/view?view_type=search&rec_idx=39723281&location=ts&searchword=java&searchType=default_mysearch&paid_fl=n
39852823,(주)씨앤비플러스,JAVA 신입 개발자 모집[정규직],~ 04/05(월) 입사지원,서울 금천구 신입 초대졸↑ 정규직,https://www.saramin.co.kr/zf_user/jobs/relay/view?view_type=search&rec_idx=39852823&location=ts&searchword=java&searchType=default_mysearch&paid_fl=n
39499184,위드시스템(주),[금천구 가산]웹프로그래머/웹개발JAVA/JSP/ASP/PHP,~ 03/27(토) 입사지원,서울 금천구 신입·경력 초대졸↑ 정규직,https://www.saramin.co.kr/zf_user/jobs/relay/view?view_type=search&rec_idx=39499184&location=ts&searchword=java&searchType=default_mysearch&paid_fl=n
39792420,제이씨스퀘어(주),IoT 플랫폼 개발자 채용(Java/Web/Mobile),~ 03/31(수) 입사지원,서울 강남구 신입·경력 초대졸↑ 정규직,https://www.saramin.co.kr/zf_user/jobs/relay/view?view_type=search&rec_idx=39792420&location=ts&searchword=java&searchType=default_mysearch&paid_fl=n
39600838,(주)미르테크,소프트웨어 프로그래머 채용공고 (JAVA),채용시 입사지원,서울 서초구 경력무관 대졸↑ 정규직,https://www.saramin.co.kr/zf_user/jobs/relay/view?view_type=search&rec_idx=39600838&location=ts&searchword=java&searchType=default_mysearch&paid_fl=n
39542635,(주)티아이에스정보시스템,[취업교육]JAVA 응용SW 및 웹개발자(프론트엔드&백엔드) 양성 국비무료 교육,~ 03/31(수) 홈페이지 지원,서울전체 경력무관 학력무관 교육생,https://www.saramin.co.kr/zf_user/jobs/relay/view?view_type=search&rec_idx=39542635&location=ts&searchword=java&searchType=default_mysearch&paid_fl=n
39691016,(주)제이디아이앤에스,[신입사원채용] JAVA / JSP / ORACLE / Spring,~ 03/31(수) 입사지원,"서울 송파구 신입 초대졸↑ 정규직 2,600~2,800",https://www.saramin.co.kr/zf_user/jobs/relay/view?view_type=search&rec_idx=39691016&location=ts&searchword=java&searchType=default_mysearch&paid_fl=n
39849527,앰진시큐러스,백엔드 개발자 모집(Python / Java / C / C++),~ 03/29(월) 입사지원,서울 송파구 경력무관 초대졸↑ 정규직,https://www.saramin.co.kr/zf_user/jobs/relay/view?view_type=search&rec_idx=39849527&location=ts&searchword=java&searchType=default_mysearch&paid_fl=n
39788206,주식회사 와이드플러스원,[공공기관] 통합유지보수 상주 개발자(JAVA) SM 모집,~ 04/11(일) 입사지원,"서울 성동구 경력무관 학력무관 정규직 3,800~4,000",https://www.saramin.co.kr/zf_user/jobs/relay/view?view_type=search&rec_idx=39788206&location=ts&searchword=java&searchType=default_mysearch&paid_fl=n
39799418,(주)이지미디어,"웹/모바일 JAVA 개발자 신입, 경력직 모집",~ 04/04(일) 입사지원,서울 구로구 신입·경력 초대졸↑ 정규직,https://www.saramin.co.kr/zf_user/jobs/relay/view?view_type=search&rec_idx=39799418&location=ts&searchword=java&searchType=default_mysearch&paid_fl=n
39535389,(주)우리엘소프트,"JAVA, WEB 개발 신입/경력 인력 채용",채용시 입사지원,서울 강서구 경력무관 학력무관 정규직·계약직,https://www.saramin.co.kr/zf_user/jobs/relay/view?view_type=search&rec_idx=39535389&location=ts&searchword=java&searchType=default_mysearch&paid_fl=n
39828924,(주)스타일셀러,백앤드 개발자 모집 ( Java Spring Boot),~ 05/17(월) 입사지원,서울 강남구 경력 3~16년 대졸↑ 정규직,https://www.saramin.co.kr/zf_user/jobs/relay/view?view_type=search&rec_idx=39828924&location=ts&searchword=java&searchType=default_mysearch&paid_fl=n
39735133,(주)아이퀘스트,[강소기업] 안드로이드앱(JAVA) 개발자 모집,~ 03/26(금) 입사지원,서울 구로구 경력무관 초대졸↑ 정규직,https://www.saramin.co.kr/zf_user/jobs/relay/view?view_type=search&rec_idx=39735133&location=ts&searchword=java&searchType=default_mysearch&paid_fl=n
39791055,어반코드,웹개발(Java·JSP) 신입사원 모집합니다.,~ 04/22(목) 입사지원,"서울 중구 신입 학력무관 정규직 2,800~3,000",https://www.saramin.co.kr/zf_user/jobs/relay/view?view_type=search&rec_idx=39791055&location=ts&searchword=java&searchType=default_mysearch&paid_fl=n
39835608,(주)맨텍,JAVA 개발자 (백엔드) 모집,~ 03/26(금) 입사지원,서울 성동구 경력무관 대졸↑ 정규직,https://www.saramin.co.kr/zf_user/jobs/relay/view?view_type=search&rec_idx=39835608&location=ts&searchword=java&searchType=default_mysearch&paid_fl=n
39708571,(주)잉카인터넷,[nProtect] 솔루션사업부 JAVA 개발자 채용,~ 05/01(토) 입사지원,서울 강서구 경력2년↑ 초대졸↑ 정규직,https://www.saramin.co.kr/zf_user/jobs/relay/view?view_type=search&rec_idx=39708571&location=ts&searchword=java&searchType=default_mysearch&paid_fl=n
39718394,(사)벤처기업협회,[뉴딜사업] JAVA기반 웹 개발자/전자정부프레임워크 개발자 양성과정 모집,~ 03/26(금) 홈페이지 지원,서울전체 신입·경력 학력무관 교육생,https://www.saramin.co.kr/zf_user/jobs/relay/view?view_type=search&rec_idx=39718394&location=ts&searchword=java&searchType=default_mysearch&paid_fl=n
39557766,(주)스마트컨버전스,경력직 5년이상 웹프로그래밍 Springboot vue.JS Java JSP,상시채용 입사지원,서울 강남구 경력 5~17년 대졸↑ 정규직·기간제 500 만원,https://www.saramin.co.kr/zf_user/jobs/relay/view?view_type=search&rec_idx=39557766&location=ts&searchword=java&searchType=default_mysearch&paid_fl=n
39494243,(주)다이나시스템,"Java / Spring / Jsp 개발자 채용 공고(신입, 경력)",~ 03/27(토) 입사지원,서울 영등포구 경력무관 대졸↑ 정규직·기간제,https://www.saramin.co.kr/zf_user/jobs/relay/view?view_type=search&rec_idx=39494243&location=ts&searchword=java&searchType=default_mysearch&paid_fl=n
39790635,㈜코비젼,[강소/벤쳐기업] 2021년 상반기 신입 JAVA 개발자 채용,~ 03/26(금) 입사지원,서울 강서구 경력무관 초대졸↑ 정규직·전문연구요원,https://www.saramin.co.kr/zf_user/jobs/relay/view?view_type=search&rec_idx=39790635&location=ts&searchword=java&searchType=default_mysearch&paid_fl=n
39513050,파이언넷(주),"JAVA 웹개발 및 모바일 APP (iOS, Android) 개발 경력자 채용",~ 03/29(월) 입사지원,서울 강서구 경력 2~12년 대졸↑ 정규직,https://www.saramin.co.kr/zf_user/jobs/relay/view?view_type=search&rec_idx=39513050&location=ts&searchword=java&searchType=default_mysearch&paid_fl=n
39729331,(주)월급날,(주)월급날 전산팀 JAVA 웹 개발자 신입/경력 모집,~ 03/26(금) 입사지원,서울 영등포구 경력무관 학력무관 정규직,https://www.saramin.co.kr/zf_user/jobs/relay/view?view_type=search&rec_idx=39729331&location=ts&searchword=java&searchType=default_mysearch&paid_fl=n
39809355,(주)블루비즈넷,JAVA 개발 및 운영 정규직 신입(청년 내일채움공제),~ 04/05(월) 입사지원,서울 강서구 신입 학력무관 정규직,https://www.saramin.co.kr/zf_user/jobs/relay/view?view_type=search&rec_idx=39809355&location=ts&searchword=java&searchType=default_mysearch&paid_fl=n
39799574,자이언트솔루션,[java/jsp/spring] 웹프로그래머 신입 개발자 채용,~ 03/31(수) 입사지원,"서울 금천구 신입 초대졸↑ 정규직 2,800~3,000",https://www.saramin.co.kr/zf_user/jobs/relay/view?view_type=search&rec_idx=39799574&location=ts&searchword=java&searchType=default_mysearch&paid_fl=n
39820976,콜라비팀,[협업툴 콜라비] BE개발자 채용 - JAVA(자바),~ 05/16(일) 입사지원,서울 강남구 경력3년↑ 학력무관 정규직,https://www.saramin.co.kr/zf_user/jobs/relay/view?view_type=search&rec_idx=39820976&location=ts&searchword=java&searchType=default_mysearch&paid_fl=n
39691031,보맵(주),[서버팀] Java 서버(백엔드) 개발자 모집,~ 03/31(수) 입사지원,서울 서초구 경력 3~5년 학력무관 정규직,https://www.saramin.co.kr/zf_user/jobs/relay/view?view_type=search&rec_idx=39691031&location=ts&searchword=java&searchType=default_mysearch&paid_fl=n
39736621,(주)라톤테크,(주)라톤테크 JAVA/ JSP 개발자,~ 05/04(화) 입사지원,서울 금천구 신입 대졸↑ 정규직,https://www.saramin.co.kr/zf_user/jobs/relay/view?view_type=search&rec_idx=39736621&location=ts&searchword=java&searchType=default_mysearch&paid_fl=n
39630191,(주)한국정보공작소,[정규직] JAVA 경력직 개발자를 모십니다.,~ 04/19(월) 입사지원,서울 금천구 경력3년↑ 초대졸↑ 정규직,https://www.saramin.co.kr/zf_user/jobs/relay/view?view_type=search&rec_idx=39630191&location=ts&searchword=java&searchType=default_mysearch&paid_fl=n
39832830,드림랩스(주),웹개발(Java·JSP&프론트엔드&백엔드) 모집합니다,~ 05/17(월) 입사지원,서울 강서구 경력무관 대졸↑ 정규직,https://www.saramin.co.kr/zf_user/jobs/relay/view?view_type=search&rec_idx=39832830&location=ts&searchword=java&searchType=default_mysearch&paid_fl=n
39639964,㈜우대칼스,"JAVA 개발자 채용 신입/경력 - 정부,공공 SI 프로젝트",~ 04/20(화) 입사지원,서울 서초구 신입·경력 대졸↑ 정규직·계약직,https://www.saramin.co.kr/zf_user/jobs/relay/view?view_type=search&rec_idx=39639964&location=ts&searchword=java&searchType=default_mysearch&paid_fl=n
39728750,(주)대흥정보,웹개발자(Java·JSP/APM/Ajax/백엔드 외 2개 부문 상시채용,~ 05/03(월) 입사지원,서울 영등포구 신입·경력 초대졸↑ 정규직,https://www.saramin.co.kr/zf_user/jobs/relay/view?view_type=search&rec_idx=39728750&location=ts&searchword=java&searchType=default_mysearch&paid_fl=n
39778400,위킵 주식회사,[정규직/프리랜서(6개월)] 웹개발자 경력직 채용 (JAVA 등),~ 05/10(월) 입사지원,서울 구로구 경력2년↑ 학력무관 정규직·프리랜서,https://www.saramin.co.kr/zf_user/jobs/relay/view?view_type=search&rec_idx=39778400&location=ts&searchword=java&searchType=default_mysearch&paid_fl=n
39745350,(주)에이치앤웍스,[신입] (청년내일채움공제대상) WEB / JAVA / Spring / 모바일,~ 05/07(금) 입사지원,서울 금천구 신입 대졸↑ 정규직,https://www.saramin.co.kr/zf_user/jobs/relay/view?view_type=search&rec_idx=39745350&location=ts&searchword=java&searchType=default_mysearch&paid_fl=n
39668183,(주)애드쿠아인터렉티브,[ADQUA] JAVA 웹 개발자 채용(경력 5년 이하),~ 04/16(금) 입사지원,서울 강남구 경력 1~5년 학력무관 정규직,https://www.saramin.co.kr/zf_user/jobs/relay/view?view_type=search&rec_idx=39668183&location=ts&searchword=java&searchType=default_mysearch&paid_fl=n
39615992,(주)11시11분,애드테크 기업의 최강자 11시11분과 함께하실 Java 신입직원 채용합니다.,~ 03/31(수) 입사지원,서울 강남구 신입 대졸↑ 정규직,https://www.saramin.co.kr/zf_user/jobs/relay/view?view_type=search&rec_idx=39615992&location=ts&searchword=java&searchType=default_mysearch&paid_fl=n
39541034,(주)스마트컨버전스,자바 Java 경력10년 이상 개발자 프로그래머,상시채용 입사지원,서울 중구 경력10년↑ 대졸↑ 정규직·계약직 600 만원,https://www.saramin.co.kr/zf_user/jobs/relay/view?view_type=search&rec_idx=39541034&location=ts&searchword=java&searchType=default_mysearch&paid_fl=n
39739144,(주)코드라인,"Node.js, Java Spring 기반 웹 개발자 채용",~ 04/30(금) 입사지원,"서울 금천구 경력무관 대졸↑ 정규직 3,000 만원",https://www.saramin.co.kr/zf_user/jobs/relay/view?view_type=search&rec_idx=39739144&location=ts&searchword=java&searchType=default_mysearch&paid_fl=n
39521251,(주)이지서티,[신입/경력] JAVA 개발 / C개발 / 암호화 모듈 개발자 채용,~ 03/30(화) 입사지원,서울 구로구 경력무관 초대졸↑ 정규직,https://www.saramin.co.kr/zf_user/jobs/relay/view?view_type=search&rec_idx=39521251&location=ts&searchword=java&searchType=default_mysearch&paid_fl=n
39742350,(주)컨넥티드,2021 상반기 Java·JSP 경력직 채용,~ 04/05(월) 입사지원,"서울 송파구 경력 5~12년 초대졸↑ 정규직·계약직 6,000 만원",https://www.saramin.co.kr/zf_user/jobs/relay/view?view_type=search&rec_idx=39742350&location=ts&searchword=java&searchType=default_mysearch&paid_fl=n
39511440,(주)천안물류,모바일 앱 유지보수 ( JAVA ) 및 전산 운영,~ 03/29(월) 입사지원,서울 용산구 경력무관 학력무관 정규직,https://www.saramin.co.kr/zf_user/jobs/relay/view?view_type=search&rec_idx=39511440&location=ts&searchword=java&searchType=default_mysearch&paid_fl=n
39731452,(주)아이메디신,JAVA 웹 개발자 채용 경력 모집(정규직),~ 05/03(월) 입사지원,서울 강남구 경력3년↑ 학력무관 정규직,https://www.saramin.co.kr/zf_user/jobs/relay/view?view_type=search&rec_idx=39731452&location=ts&searchword=java&searchType=default_mysearch&paid_fl=n
39851741,(주)해오름인포텍,2021년 상반기 웹개발자(JAVA) 신입 채용,~ 04/09(금) 입사지원,서울 금천구 신입 초대졸↑ 정규직,https://www.saramin.co.kr/zf_user/jobs/relay/view?view_type=search&rec_idx=39851741&location=ts&searchword=java&searchType=default_mysearch&paid_fl=n
39490665,(주)코인베스트,java 백엔드 개발 경력자 모집(서울 강남 근무),~ 03/26(금) 입사지원,서울 강남구 경력 3~10년 학력무관 정규직,https://www.saramin.co.kr/zf_user/jobs/relay/view?view_type=search&rec_idx=39490665&location=ts&searchword=java&searchType=default_mysearch&paid_fl=n
39697982,(주)엘핀,(스타트업/기술연구소) JAVA 백엔드 개발자 경력/신입 모집,~ 04/29(목) 입사지원,서울 성동구 신입·경력 학력무관 정규직,https://www.saramin.co.kr/zf_user/jobs/relay/view?view_type=search&rec_idx=39697982&location=ts&searchword=java&searchType=default_mysearch&paid_fl=n
39719739,㈜포뎁스,JAVA / JSP 프로그래머 (웹개발) 모집 (신입/경력),~ 03/26(금) 입사지원,서울 강남구 신입·경력 초대졸↑ 정규직,https://www.saramin.co.kr/zf_user/jobs/relay/view?view_type=search&rec_idx=39719739&location=ts&searchword=java&searchType=default_mysearch&paid_fl=n
39558928,(주)메디오피아테크,에듀테크 연구소 연구개발자 채용(Java),채용시 입사지원,서울 강남구 경력5년↑ 대졸↑ 정규직,https://www.saramin.co.kr/zf_user/jobs/relay/view?view_type=search&rec_idx=39558928&location=ts&searchword=java&searchType=default_mysearch&paid_fl=n
39607269,네이버시스템(주),java web 개발자 신입사원 채용(정규직),~ 03/31(수) 입사지원,서울 송파구 신입 초대졸↑ 정규직,https://www.saramin.co.kr/zf_user/jobs/relay/view?view_type=search&rec_idx=39607269&location=ts&searchword=java&searchType=default_mysearch&paid_fl=n
39850790,케이엘정보통신(주),"[서울] JAVA, JSP, 웹프로그래머 신입 및 경력 채용",~ 05/21(금) 입사지원,서울 강남구 신입·경력 초대졸↑ 정규직,https://www.saramin.co.kr/zf_user/jobs/relay/view?view_type=search&rec_idx=39850790&location=ts&searchword=java&searchType=default_mysearch&paid_fl=n
39546580,㈜지어소프트,Java개발 인재를 모십니다.,채용시 입사지원,서울 서초구 경력3년↑ 초대졸↑ 정규직,https://www.saramin.co.kr/zf_user/jobs/relay/view?view_type=search&rec_idx=39546580&location=ts&searchword=java&searchType=default_mysearch&paid_fl=n
39562635,㈜지어소프트,공공사업 PM / PL / JAVA 개발자 모집,~ 04/06(화) 입사지원,서울 서초구 경력5년↑ 초대졸↑ 정규직,https://www.saramin.co.kr/zf_user/jobs/relay/view?view_type=search&rec_idx=39562635&location=ts&searchword=java&searchType=default_mysearch&paid_fl=n
39841810,(주)엔에스스마트,2020년 상반기 Angular/ IONIC / Java / IOS 경력자 2년 이상,~ 04/02(금) 입사지원,서울 영등포구 경력2년↑ 대졸↑ 정규직,https://www.saramin.co.kr/zf_user/jobs/relay/view?view_type=search&rec_idx=39841810&location=ts&searchword=java&searchType=default_mysearch&paid_fl=n
39570668,(주)온넷시스템즈코리아,[경력] Java (Springboot) Backend 개발,~ 04/09(금) 입사지원,"서울 서초구 경력 3~7년 학력무관 정규직 4,000~5,000",https://www.saramin.co.kr/zf_user/jobs/relay/view?view_type=search&rec_idx=39570668&location=ts&searchword=java&searchType=default_mysearch&paid_fl=n
39591585,㈜지트파워,JAVA 개발 경력자를 모집합니다.,~ 04/11(일) 입사지원,서울 금천구 신입·경력 대졸↑ 정규직,https://www.saramin.co.kr/zf_user/jobs/relay/view?view_type=search&rec_idx=39591585&location=ts&searchword=java&searchType=default_mysearch&paid_fl=n
39813735,㈜아로정보기술,"[JAVA/JSP/SPRING] 개발자 모집(신입,경력)",~ 04/16(금) 입사지원,서울 영등포구 경력 2~6년 초대졸↑ 정규직,https://www.saramin.co.kr/zf_user/jobs/relay/view?view_type=search&rec_idx=39813735&location=ts&searchword=java&searchType=default_mysearch&paid_fl=n
39560869,(주)메이드인헤븐,[SW개발전문회사] java 웹 개발 프로그래머 채용,상시채용 입사지원,서울 구로구 경력5년↑ 초대졸↑ 정규직,https://www.saramin.co.kr/zf_user/jobs/relay/view?view_type=search&rec_idx=39560869&location=ts&searchword=java&searchType=default_mysearch&paid_fl=n
39485669,㈜데이타메이션,[데이타메이션] JSP/JAVA 개발자 신입 채용(중급/고급),~ 03/26(금) 입사지원,서울 구로구 신입 초대졸↑ 정규직,https://www.saramin.co.kr/zf_user/jobs/relay/view?view_type=search&rec_idx=39485669&location=ts&searchword=java&searchType=default_mysearch&paid_fl=n
39752905,(주)커리어웍스,[구로디지털단지] (주)중소기업 JAVA / JSP 개발자 경력직,~ 04/07(수) 입사지원,서울 구로구 경력 학력무관 정규직,https://www.saramin.co.kr/zf_user/jobs/relay/view?view_type=search&rec_idx=39752905&location=ts&searchword=java&searchType=default_mysearch&paid_fl=n
39672595,뉴젠솔루션,Java/MFC/MS-SQL/프론트엔드 외 정규직 채용(인재선발),~ 03/26(금) 입사지원,서울 영등포구 경력무관 학력무관 정규직,https://www.saramin.co.kr/zf_user/jobs/relay/view?view_type=search&rec_idx=39672595&location=ts&searchword=java&searchType=default_mysearch&paid_fl=n
39764987,(주)에스이랩,2021년 Java 개발자 경력직 채용,~ 05/08(토) 입사지원,서울 강남구 경력3년↑ 학력무관 정규직,https://www.saramin.co.kr/zf_user/jobs/relay/view?view_type=search&rec_idx=39764987&location=ts&searchword=java&searchType=default_mysearch&paid_fl=n
39696671,엔에스원소프트(주),응용SW 개발 백엔드 프론트엔드 Linux C Python Java Spring,채용시 입사지원,서울 서초구 신입·경력 초대졸↑ 정규직,https://www.saramin.co.kr/zf_user/jobs/relay/view?view_type=search&rec_idx=39696671&location=ts&searchword=java&searchType=default_mysearch&paid_fl=n
39810378,(주)씨엔씨네트웍스,[여의도] 센차(Sencha) 가능자 /java 개발자 각각 구인(중~고급),~ 03/31(수) 입사지원,서울 구로구 경력 6~19년 학력무관 계약직·프리랜서,https://www.saramin.co.kr/zf_user/jobs/relay/view?view_type=search&rec_idx=39810378&location=ts&searchword=java&searchType=default_mysearch&paid_fl=n
39750373,(주)채움씨앤아이,2021 상반기 빅데이터랩 JAVA개발자(경력) 채용,채용시 입사지원,서울 금천구 경력 2~7년 초대졸↑ 정규직,https://www.saramin.co.kr/zf_user/jobs/relay/view?view_type=search&rec_idx=39750373&location=ts&searchword=java&searchType=default_mysearch&paid_fl=n
39527330,(주)케이믹글로벌,서울 JAVA 시스템 개발 채용 공고,~ 04/02(금) 입사지원,서울 성동구 신입·경력 학력무관 정규직,https://www.saramin.co.kr/zf_user/jobs/relay/view?view_type=search&rec_idx=39527330&location=ts&searchword=java&searchType=default_mysearch&paid_fl=n
39829648,(주)엔컴즈,(주)엔컴즈 직원채용(Java/Web),~ 05/17(월) 입사지원,서울 강남구 경력 3~11년 대졸↑ 정규직,https://www.saramin.co.kr/zf_user/jobs/relay/view?view_type=search&rec_idx=39829648&location=ts&searchword=java&searchType=default_mysearch&paid_fl=n
39804604,(주)씨엔씨네트웍스,[정규직] JAVA 개발 부문 경력직 채용(대리~차장급),~ 04/30(금) 입사지원,서울 구로구 경력 3~20년 대졸↑ 정규직,https://www.saramin.co.kr/zf_user/jobs/relay/view?view_type=search&rec_idx=39804604&location=ts&searchword=java&searchType=default_mysearch&paid_fl=n
39702533,㈜넷앤드,"솔루션개발본부 경력 채용(java,DBA-mysql/C,C++)",~ 03/31(수) 입사지원,서울 영등포구 경력3년↑ 학력무관 정규직,https://www.saramin.co.kr/zf_user/jobs/relay/view?view_type=search&rec_idx=39702533&location=ts&searchword=java&searchType=default_mysearch&paid_fl=n
39492390,(주)메이크잇,JAVA WEB 개발자 모집,~ 03/26(금) 입사지원,서울 마포구 경력 2~8년 초대졸↑ 정규직,https://www.saramin.co.kr/zf_user/jobs/relay/view?view_type=search&rec_idx=39492390&location=ts&searchword=java&searchType=default_mysearch&paid_fl=n
39570004,(주)메디젠휴먼케어,정보보안팀 정보기술 개발자 채용(JAVA),~ 04/09(금) 입사지원,서울 강남구 경력5년↑ 초대졸↑ 정규직,https://www.saramin.co.kr/zf_user/jobs/relay/view?view_type=search&rec_idx=39570004&location=ts&searchword=java&searchType=default_mysearch&paid_fl=n
39538172,(주)헤렌,(주)헤렌 JAVA 개발자 채용,~ 04/03(토) 입사지원,서울 성동구 경력5년↑ 학력무관 정규직,https://www.saramin.co.kr/zf_user/jobs/relay/view?view_type=search&rec_idx=39538172&location=ts&searchword=java&searchType=default_mysearch&paid_fl=n
39819857,엔에이치엔한국사이버결제 주식회사,"NHN KCP㈜ 웹개발(JSP, JAVA), 서버 개발(C, Pro-C)",~ 04/16(금) 입사지원,서울 구로구 경력4년↑ 초대졸↑ 정규직,https://www.saramin.co.kr/zf_user/jobs/relay/view?view_type=search&rec_idx=39819857&location=ts&searchword=java&searchType=default_mysearch&paid_fl=n
39690272,(주)애니에듀,"2021년 상반기 웹 프로그램 개발자를 모십니다(java, jsp )",~ 04/27(화) 입사지원,"서울 금천구 경력2년↑ 초대졸↑ 정규직·계약직 4,000~5,000",https://www.saramin.co.kr/zf_user/jobs/relay/view?view_type=search&rec_idx=39690272&location=ts&searchword=java&searchType=default_mysearch&paid_fl=n
39754067,(주) 잡뉴스솔로몬서치,"WEB, Java 개발 리더 (주임-부장급), 강남구",내일마감 입사지원,서울 강남구 경력3년↑ 고졸↑ 정규직,https://www.saramin.co.kr/zf_user/jobs/relay/view?view_type=search&rec_idx=39754067&location=ts&searchword=java&searchType=default_mysearch&paid_fl=n
39596802,(주)다온앤,[다온앤] 정규직(ERP 솔루션 JAVA JSP SPRING 개발 및 운영)채용,채용시 입사지원,서울 강남구 경력3년↑ 대졸↑ 정규직,https://www.saramin.co.kr/zf_user/jobs/relay/view?view_type=search&rec_idx=39596802&location=ts&searchword=java&searchType=default_mysearch&paid_fl=n
39860216,(주)커리어웍스,[구로디지털단지] (주)오토브레인 정규직 JAVA / JSP 개발자,~ 04/01(목) 입사지원,서울 구로구 경력 학력무관 정규직,https://www.saramin.co.kr/zf_user/jobs/relay/view?view_type=search&rec_idx=39860216&location=ts&searchword=java&searchType=default_mysearch&paid_fl=n
39755146,(주)팀스톤,[정규직] Front-end(React) / Back-end(Java) 개발자 채용,~ 05/07(금) 입사지원,서울 송파구 경력 3~10년 고졸↑ 정규직,https://www.saramin.co.kr/zf_user/jobs/relay/view?view_type=search&rec_idx=39755146&location=ts&searchword=java&searchType=default_mysearch&paid_fl=n
39768675,(주)비즈니스온커뮤니케이션,JAVA 개발자를 모십니다.,~ 05/09(일) 입사지원,서울 강남구 경력3년↑ 대졸↑ 기간제·계약직,https://www.saramin.co.kr/zf_user/jobs/relay/view?view_type=search&rec_idx=39768675&location=ts&searchword=java&searchType=default_mysearch&paid_fl=n
39853172,(주)에스제이소프트텍,java/jsp 서버 전문 인재 경력 1년이상 개발자,~ 05/21(금) 입사지원,서울 성동구 경력 1~3년 초대졸↑ 정규직,https://www.saramin.co.kr/zf_user/jobs/relay/view?view_type=search&rec_idx=39853172&location=ts&searchword=java&searchType=default_mysearch&paid_fl=n
39492129,(주)케이에스피소프트,프로그램개발자모집(JAVA/HTML5/PowerBuilder/앱/.NET),~ 03/26(금) 입사지원,서울 금천구 경력무관 초대졸↑ 정규직,https://www.saramin.co.kr/zf_user/jobs/relay/view?view_type=search&rec_idx=39492129&location=ts&searchword=java&searchType=default_mysearch&paid_fl=n
39571307,(주)코리아인에이치알,[여의도/금융사] JAVA / C언어 웹개발자 / 웹퍼블리셔 채용,오늘마감 입사지원,서울 영등포구 경력2년↑ 초대졸↑ 계약직·파견직,https://www.saramin.co.kr/zf_user/jobs/relay/view?view_type=search&rec_idx=39571307&location=ts&searchword=java&searchType=default_mysearch&paid_fl=n
39757591,(주)지이씨엘코리아,"JAVA 개발, PHP 개발, SA/SE 담당자 채용",~ 03/28(일) 입사지원,서울 금천구 경력 4~20년 학력무관 정규직,https://www.saramin.co.kr/zf_user/jobs/relay/view?view_type=search&rec_idx=39757591&location=ts&searchword=java&searchType=default_mysearch&paid_fl=n
39367961,(주)에스제이소프트텍,java/jsp 서버 전문 인재 신입x 경력 1년이상 개발자,내일마감 입사지원,서울 성동구 신입·경력 초대졸↑ 정규직,https://www.saramin.co.kr/zf_user/jobs/relay/view?view_type=search&rec_idx=39367961&location=ts&searchword=java&searchType=default_mysearch&paid_fl=n
39634659,(주)에스제이소프트텍,java 서버 전문 신입x 경력 2년이상 개발자 채용,~ 04/19(월) 입사지원,서울 성동구 경력 2~3년 초대졸↑ 정규직,https://www.saramin.co.kr/zf_user/jobs/relay/view?view_type=search&rec_idx=39634659&location=ts&searchword=java&searchType=default_mysearch&paid_fl=n
39853538,아키테카(주),[교대역] LMS솔루션/Java/중급/SM/즉시~연말(이후 연단위 연장),~ 04/02(금) 입사지원,서울 서초구 경력3년↑ 학력무관 계약직·프리랜서,https://www.saramin.co.kr/zf_user/jobs/relay/view?view_type=search&rec_idx=39853538&location=ts&searchword=java&searchType=default_mysearch&paid_fl=n
39557754,스피너미디어(주),-킨즈 페이 / 킨즈 헬스케어 JAVA 백엔드 개발자 채용(경력),~ 04/05(월) 입사지원,"서울 서초구 경력3년↑ 학력무관 정규직 4,000~5,000",https://www.saramin.co.kr/zf_user/jobs/relay/view?view_type=search&rec_idx=39557754&location=ts&searchword=java&searchType=default_mysearch&paid_fl=n
39829881,(주)씨엔씨네트웍스,[계약직] JAVA or JAVASCRIPT or IBSheet 유경험자(중급),~ 04/30(금) 입사지원,서울 구로구 경력 6~10년 학력무관 계약직·프리랜서,https://www.saramin.co.kr/zf_user/jobs/relay/view?view_type=search&rec_idx=39829881&location=ts&searchword=java&searchType=default_mysearch&paid_fl=n
39853317,아키테카(주),"[마포]나이스페이먼츠/JAVA/중급,고급/SI, SM/즉시~6개월, 연말",~ 04/02(금) 입사지원,서울 마포구 경력3년↑ 학력무관 계약직·프리랜서,https://www.saramin.co.kr/zf_user/jobs/relay/view?view_type=search&rec_idx=39853317&location=ts&searchword=java&searchType=default_mysearch&paid_fl=n
39843576,(주)클릭앤터치,[경력] 웹/JAVA/JSP/응용 프로그램 개발자 모집,~ 04/09(금) 입사지원,서울 강남구 경력5년↑ 대졸↑ 정규직,https://www.saramin.co.kr/zf_user/jobs/relay/view?view_type=search&rec_idx=39843576&location=ts&searchword=java&searchType=default_mysearch&paid_fl=n
39856936,아키테카(주),"[남구로역] 위킵/Java/중급, 고급/SI/즉시~6개월",~ 04/02(금) 입사지원,서울 구로구 경력6년↑ 학력무관 계약직·프리랜서,https://www.saramin.co.kr/zf_user/jobs/relay/view?view_type=search&rec_idx=39856936&location=ts&searchword=java&searchType=default_mysearch&paid_fl=n
39665967,오픈나루(주),[연구소]Java Spring 개발 연구원 모집,내일마감 입사지원,서울 성동구 경력 대졸↑ 정규직,https://www.saramin.co.kr/zf_user/jobs/relay/view?view_type=search&rec_idx=39665967&location=ts&searchword=java&searchType=default_mysearch&paid_fl=n
39853431,아키테카(주),"[증미역]LMS/Java/초급,중급/SI/즉시,4월,5월 각각~3개월씩연장",~ 04/02(금) 입사지원,서울 강서구 경력2년↑ 학력무관 계약직·프리랜서,https://www.saramin.co.kr/zf_user/jobs/relay/view?view_type=search&rec_idx=39853431&location=ts&searchword=java&searchType=default_mysearch&paid_fl=n
39846350,이지지아이에스(주),"Java·JSP 정규직, 계약직 채용 공고(신입)",~ 05/19(수) 입사지원,서울 금천구 신입·경력 학력무관 정규직·계약직,https://www.saramin.co.kr/zf_user/jobs/relay/view?view_type=search&rec_idx=39846350&location=ts&searchword=java&searchType=default_mysearch&paid_fl=n
39753280,(주)글로벌마켓포커스,"웹개발(Java·JSP, ASP, Python, PHP) 채용",~ 05/07(금) 입사지원,서울 강남구 경력무관 학력무관 정규직,https://www.saramin.co.kr/zf_user/jobs/relay/view?view_type=search&rec_idx=39753280&location=ts&searchword=java&searchType=default_mysearch&paid_fl=n
39835462,(주)엑샌드,[자율근무 / Java서버개발자님] 정말 멋진 색다른 App (써지니.),~ 04/17(토) 입사지원,"서울 강남구 경력 10~12년 대졸↑ 정규직 8,000 만원",https://www.saramin.co.kr/zf_user/jobs/relay/view?view_type=search&rec_idx=39835462&location=ts&searchword=java&searchType=default_mysearch&paid_fl=n
39804025,iden.it,2021년 상반기 백엔드/Java·JSP/PHP/MySQL 외 경력무관 채용,~ 04/14(수) 입사지원,서울 강서구 경력무관 학력무관 정규직,https://www.saramin.co.kr/zf_user/jobs/relay/view?view_type=search&rec_idx=39804025&location=ts&searchword=java&searchType=default_mysearch&paid_fl=n
39730212,아이티컨버젼스(주),Java·JSP 정규직 모집합니다(경력무관),~ 05/03(월) 입사지원,서울 송파구 경력무관 학력무관 정규직,https://www.saramin.co.kr/zf_user/jobs/relay/view?view_type=search&rec_idx=39730212&location=ts&searchword=java&searchType=default_mysearch&paid_fl=n
39767862,(주)이트라이브,"[정규/경력] 웹개발(Java/JSP) 및 앱개발(Android, iOS) 부문모",~ 03/29(월) 입사지원,서울 마포구 경력2년↑ 초대졸↑ 정규직·계약직,https://www.saramin.co.kr/zf_user/jobs/relay/view?view_type=search&rec_idx=39767862&location=ts&searchword=java&searchType=default_mysearch&paid_fl=n
39668322,(주)비아이씨엔에스,은행 시스템 운영 JAVA 웹개발 경력자 모집합니다.,~ 04/24(토) 입사지원,서울 강남구 경력4년↑ 학력무관 정규직·프리랜서,https://www.saramin.co.kr/zf_user/jobs/relay/view?view_type=search&rec_idx=39668322&location=ts&searchword=java&searchType=default_mysearch&paid_fl=n
39603836,(주)리마커블소프트,리마커블한 Java 자바개발자 모집,~ 03/26(금) 입사지원,서울 영등포구 경력무관 초대졸↑ 정규직,https://www.saramin.co.kr/zf_user/jobs/relay/view?view_type=search&rec_idx=39603836&location=ts&searchword=java&searchType=default_mysearch&paid_fl=n
39660257,(주)트랜스코스모스코리아,"삼성전자 개발(Java) 및 유지보수 경력직(대리, 과장급) Mq2G",오늘마감 입사지원,경기 수원시 영통구 경력 학력무관 정규직,https://www.saramin.co.kr/zf_user/jobs/relay/view?view_type=search&rec_idx=39660257&location=ts&searchword=java&searchType=default_mysearch&paid_fl=n
39644902,일공이사,웹 개발 ( Node.js / java / asp.net / php ) 신입 및 경력 모집,~ 04/20(화) 입사지원,서울 강남구 경력무관 학력무관 정규직·기간제,https://www.saramin.co.kr/zf_user/jobs/relay/view?view_type=search&rec_idx=39644902&location=ts&searchword=java&searchType=default_mysearch&paid_fl=n
39552234,아마노코리아,아마노코리아(주) 연구소 Java 개발 및 유지보수 업무 경력자,~ 04/04(일) 입사지원,서울 영등포구 경력 2~10년 학력무관 정규직,https://www.saramin.co.kr/zf_user/jobs/relay/view?view_type=search&rec_idx=39552234&location=ts&searchword=java&searchType=default_mysearch&paid_fl=n
39769946,(주)케이아이,JAVA 웹개발 신입 및 경력 정규직 채용,~ 05/09(일) 입사지원,서울 금천구 신입·경력 학력무관 정규직,https://www.saramin.co.kr/zf_user/jobs/relay/view?view_type=search&rec_idx=39769946&location=ts&searchword=java&searchType=default_mysearch&paid_fl=n
39774938,이상,Java 개발자 신입 채용 - 정규직,~ 05/09(일) 입사지원,"서울 중구 신입 고졸↑ 정규직 2,200~2,400",https://www.saramin.co.kr/zf_user/jobs/relay/view?view_type=search&rec_idx=39774938&location=ts&searchword=java&searchType=default_mysearch&paid_fl=n
39682378,(주)케이디아이에스,Java 개발자 채용 (신입/경력),~ 03/27(토) 입사지원,서울 영등포구 경력무관 학력무관 정규직,https://www.saramin.co.kr/zf_user/jobs/relay/view?view_type=search&rec_idx=39682378&location=ts&searchword=java&searchType=default_mysearch&paid_fl=n
39681269,(주) 베이넥스,(SM유지보수) JAVA 개발자 모집합니다.,오늘마감 입사지원,서울 마포구 경력2년↑ 학력무관 정규직·프리랜서,https://www.saramin.co.kr/zf_user/jobs/relay/view?view_type=search&rec_idx=39681269&location=ts&searchword=java&searchType=default_mysearch&paid_fl=n
39785118,(주)인컴,JAVA 웹프로그래머 신입&경력직 채용,채용시 입사지원,서울 송파구 신입·경력 초대졸↑ 정규직,https://www.saramin.co.kr/zf_user/jobs/relay/view?view_type=search&rec_idx=39785118&location=ts&searchword=java&searchType=default_mysearch&paid_fl=n
39644143,(주)인포젠,JAVA 정규직 개발자 채용 (가산),~ 04/20(화) 입사지원,서울 금천구 경력1년↑ 초대졸↑ 정규직,https://www.saramin.co.kr/zf_user/jobs/relay/view?view_type=search&rec_idx=39644143&location=ts&searchword=java&searchType=default_mysearch&paid_fl=n
39784368,(주)레온코퍼레이션,"웹개발자(HTML, Java) 신입/경력 모집(정규직)",~ 05/11(화) 입사지원,서울 강남구 신입·경력 학력무관 정규직,https://www.saramin.co.kr/zf_user/jobs/relay/view?view_type=search&rec_idx=39784368&location=ts&searchword=java&searchType=default_mysearch&paid_fl=n
39852275,씨엠,"웹개발(ASP, Java·JSP, 백엔드外 1개 부문) 모집",~ 04/21(수) 입사지원,서울 성동구 경력무관 학력무관 정규직·계약직,https://www.saramin.co.kr/zf_user/jobs/relay/view?view_type=search&rec_idx=39852275&location=ts&searchword=java&searchType=default_mysearch&paid_fl=n
39771287,㈜씨넷테크놀로지,"JSP/JAVA 웹 솔루션 (신입,경력)",~ 05/09(일) 입사지원,서울 금천구 경력무관 대졸↑ 정규직,https://www.saramin.co.kr/zf_user/jobs/relay/view?view_type=search&rec_idx=39771287&location=ts&searchword=java&searchType=default_mysearch&paid_fl=n
39621239,(주)룩인사이트,(주)룩인사이트 JAVA 개발자 채용,~ 03/31(수) 입사지원,서울 강남구 경력무관 대졸↑ 정규직,https://www.saramin.co.kr/zf_user/jobs/relay/view?view_type=search&rec_idx=39621239&location=ts&searchword=java&searchType=default_mysearch&paid_fl=n
39783589,(주)블루라임커뮤니케이션즈,[경력] JAVA 개발자 모집,~ 05/10(월) 입사지원,서울 강남구 경력10년↑ 초대졸↑ 정규직,https://www.saramin.co.kr/zf_user/jobs/relay/view?view_type=search&rec_idx=39783589&location=ts&searchword=java&searchType=default_mysearch&paid_fl=n
39711282,(주)컨셉터스,빅데이터 AI플랫폼 웹Back-end(백엔드/JAVA) 신입/경력직 채용,~ 03/31(수) 입사지원,서울 강남구 신입·경력 학력무관 정규직,https://www.saramin.co.kr/zf_user/jobs/relay/view?view_type=search&rec_idx=39711282&location=ts&searchword=java&searchType=default_mysearch&paid_fl=n
39690084,케이투웹테크,"JAVA 개발자 유지보수SM 입력모집(JSP, JAVA, 전자정부)",~ 04/27(화) 입사지원,서울 금천구 경력무관 초대졸↑ 정규직,https://www.saramin.co.kr/zf_user/jobs/relay/view?view_type=search&rec_idx=39690084&location=ts&searchword=java&searchType=default_mysearch&paid_fl=n
39846761,(주)알통,JAVA 개발자 모집(정규직),~ 04/20(화) 입사지원,서울 구로구 경력무관 학력무관 정규직,https://www.saramin.co.kr/zf_user/jobs/relay/view?view_type=search&rec_idx=39846761&location=ts&searchword=java&searchType=default_mysearch&paid_fl=n
39622712,상생소프트,"웹개발 (JAVA, JSP) 신입/경력 정규직&프리랜서 채용",~ 04/18(일) 입사지원,서울 송파구 경력무관 고졸↑ 정규직·프리랜서,https://www.saramin.co.kr/zf_user/jobs/relay/view?view_type=search&rec_idx=39622712&location=ts&searchword=java&searchType=default_mysearch&paid_fl=n
39841378,(주)사람인에이치에스,"[코스닥상장사/정규직/JAVA]솔루션사업부 대리,과장급 채용",채용시 입사지원,"서울 구로구 경력4년↑ 학력무관 정규직 4,000~5,000",https://www.saramin.co.kr/zf_user/jobs/relay/view?view_type=search&rec_idx=39841378&location=ts&searchword=java&searchType=default_mysearch&paid_fl=n
39834376,(주)매트릭스투비,[2021] JAVA 개발 인력 채용 공고(신입/경력),~ 04/17(토) 입사지원,서울 구로구 경력무관 학력무관 정규직,https://www.saramin.co.kr/zf_user/jobs/relay/view?view_type=search&rec_idx=39834376&location=ts&searchword=java&searchType=default_mysearch&paid_fl=n
39851115,(주)티아로테크,"웹프로그래머(ruby, python, Java, php) 신입사원 모집",~ 03/28(일) 입사지원,서울 금천구 신입 학력무관 정규직,https://www.saramin.co.kr/zf_user/jobs/relay/view?view_type=search&rec_idx=39851115&location=ts&searchword=java&searchType=default_mysearch&paid_fl=n
39703783,주식회사 우리씨앤씨,JAVA/ JSP/ 웹개발 / 소프트웨어개발자 신입채용,~ 05/01(토) 입사지원,서울 구로구 신입 학력무관 정규직,https://www.saramin.co.kr/zf_user/jobs/relay/view?view_type=search&rec_idx=39703783&location=ts&searchword=java&searchType=default_mysearch&paid_fl=n
39666609,주식회사 이커머스테크,[상암/SM] Java 개발자 모집합니다./springboot,~ 04/24(토) 입사지원,서울 마포구 경력 4~12년 학력무관 정규직·계약직,https://www.saramin.co.kr/zf_user/jobs/relay/view?view_type=search&rec_idx=39666609&location=ts&searchword=java&searchType=default_mysearch&paid_fl=n
39652975,디지털원(주),"IT강사님 모집합니다. ( JAVA, 빅데이터, 파이썬 외)",채용시 입사지원,서울 금천구 경력 학력무관 정규직·전임,https://www.saramin.co.kr/zf_user/jobs/relay/view?view_type=search&rec_idx=39652975&location=ts&searchword=java&searchType=default_mysearch&paid_fl=n
39490982,엘에스소프트,[경력무관] Java개발자 모집,~ 03/26(금) 입사지원,"서울 금천구 경력무관 학력무관 정규직·프리랜서 2,800~3,000",https://www.saramin.co.kr/zf_user/jobs/relay/view?view_type=search&rec_idx=39490982&location=ts&searchword=java&searchType=default_mysearch&paid_fl=n
39473508,유피드,"(주)유피드 웹 개발/운영 개발자(java, jsp) 정규직 팀원 모집",채용시 입사지원,서울 영등포구 신입·경력 초대졸↑ 정규직,https://www.saramin.co.kr/zf_user/jobs/relay/view?view_type=search&rec_idx=39473508&location=ts&searchword=java&searchType=default_mysearch&paid_fl=n
39780279,(주)웹스타일,개발팀 신입 & 경력 Java 개발자 및 퍼블리셔 모집합니다.,채용시 입사지원,"서울 중구 경력무관 학력무관 정규직 2,600~2,800",https://www.saramin.co.kr/zf_user/jobs/relay/view?view_type=search&rec_idx=39780279&location=ts&searchword=java&searchType=default_mysearch&paid_fl=n
39656524,(주)레온코퍼레이션,웹개발(Java·JSP&HTML&백엔드) & 영상편집 정규직 모집,~ 04/23(금) 입사지원,서울 강남구 경력무관 초대졸↑ 정규직,https://www.saramin.co.kr/zf_user/jobs/relay/view?view_type=search&rec_idx=39656524&location=ts&searchword=java&searchType=default_mysearch&paid_fl=n
39813607,(주)내담씨앤씨,"대기업 /중급/장기간/Java, Vue.js 프론트 개발 프리랜서/~550",~ 03/26(금) 입사지원,서울 구로구 경력 7~9년 대졸↑ 프리랜서,https://www.saramin.co.kr/zf_user/jobs/relay/view?view_type=search&rec_idx=39813607&location=ts&searchword=java&searchType=default_mysearch&paid_fl=n
39692641,(주)다이나시스템,"[신입, 경력]실력있는 개발자 모십니다 (java jsp spring)",~ 04/27(화) 입사지원,서울 영등포구 신입·경력 대졸↑ 정규직·기간제,https://www.saramin.co.kr/zf_user/jobs/relay/view?view_type=search&rec_idx=39692641&location=ts&searchword=java&searchType=default_mysearch&paid_fl=n
39846322,(주)바즐시스템,JAVA / JSP 개발 및 유지보수 (SI/SM),~ 05/19(수) 입사지원,서울 강서구 경력5년↑ 학력무관 정규직,https://www.saramin.co.kr/zf_user/jobs/relay/view?view_type=search&rec_idx=39846322&location=ts&searchword=java&searchType=default_mysearch&paid_fl=n
39736584,(주)119종합솔루션,스타트업 웹개발(Java·JSP/HTML/ASP/PHP) 신입 및 경력자 채용,상시채용 입사지원,"서울 영등포구 경력무관 학력무관 정규직 2,400~2,600",https://www.saramin.co.kr/zf_user/jobs/relay/view?view_type=search&rec_idx=39736584&location=ts&searchword=java&searchType=default_mysearch&paid_fl=n
39499184,위드시스템(주),[금천구 가산]웹프로그래머/웹개발JAVA/JSP/ASP/PHP,~ 03/27(토) 입사지원,서울 금천구 신입·경력 초대졸↑ 정규직,https://www.saramin.co.kr/zf_user/jobs/relay/view?view_type=search&rec_idx=39499184&location=ts&searchword=java&searchType=default_mysearch&paid_fl=n
39858163,테이크솔루션(주),JAVA 개발자 모십니다.,~ 05/21(금) 입사지원,"서울 마포구 경력 1~4년 초대졸↑ 정규직 3,600~3,800",https://www.saramin.co.kr/zf_user/jobs/relay/view?view_type=search&rec_idx=39858163&location=ts&searchword=java&searchType=default_mysearch&paid_fl=n
39577172,(주)넥스트이노베이션,백엔드(Java)/프론트엔드(Vue.js) 신입/경력직 채용,상시채용 입사지원,서울 광진구 신입·경력 초대졸↑ 정규직,https://www.saramin.co.kr/zf_user/jobs/relay/view?view_type=search&rec_idx=39577172&location=ts&searchword=java&searchType=default_mysearch&paid_fl=n
39783902,(주)인우기술,웹개발 (JAVA) 신입 및 경력개발자 채용,~ 05/10(월) 입사지원,서울 구로구 경력무관 초대졸↑ 정규직,https://www.saramin.co.kr/zf_user/jobs/relay/view?view_type=search&rec_idx=39783902&location=ts&searchword=java&searchType=default_mysearch&paid_fl=n
39828966,(주)문테크앤소프트,"(신입,경력) JAVA 웹 프로그래머, IT 개발자 모집",~ 04/16(금) 입사지원,서울 강남구 경력무관 학력무관 정규직·파견직 (정규직 전환가능),https://www.saramin.co.kr/zf_user/jobs/relay/view?view_type=search&rec_idx=39828966&location=ts&searchword=java&searchType=default_mysearch&paid_fl=n
39842491,(주)비드넷씨엔씨,[비드넷 씨엔씨] 신입/경력 JAVA 프로그래머 모집,~ 04/03(토) 입사지원,서울 금천구 경력무관 초대졸↑ 정규직,https://www.saramin.co.kr/zf_user/jobs/relay/view?view_type=search&rec_idx=39842491&location=ts&searchword=java&searchType=default_mysearch&paid_fl=n
39753336,(주)비전인사이드,"웹개발(Ajax, Java·JSP, 백엔드) 모집",~ 05/07(금) 입사지원,"서울 동대문구 경력무관 초대졸↑ 정규직 2,200~2,400",https://www.saramin.co.kr/zf_user/jobs/relay/view?view_type=search&rec_idx=39753336&location=ts&searchword=java&searchType=default_mysearch&paid_fl=n
39718260,(주)퓨쳐누리,JAVA 웹 개발자 모집,~ 05/02(일) 입사지원,서울 영등포구 신입·경력 초대졸↑ 정규직,https://www.saramin.co.kr/zf_user/jobs/relay/view?view_type=search&rec_idx=39718260&location=ts&searchword=java&searchType=default_mysearch&paid_fl=n
39835136,(주)프리미엄패스인터내셔널,"Java, HTML, Ajax 개발자 모집",~ 03/31(수) 입사지원,서울 강서구 경력무관 초대졸↑ 정규직·계약직,https://www.saramin.co.kr/zf_user/jobs/relay/view?view_type=search&rec_idx=39835136&location=ts&searchword=java&searchType=default_mysearch&paid_fl=n
39493194,(주)틴텍씨앤씨,"2021년 백엔드, Java·JSP, 프론트엔드 신입, 경력 모집",~ 03/27(토) 입사지원,서울 강서구 경력무관 학력무관 정규직,https://www.saramin.co.kr/zf_user/jobs/relay/view?view_type=search&rec_idx=39493194&location=ts&searchword=java&searchType=default_mysearch&paid_fl=n
39729550,케이비드 주식회사,신입 Java / Oracle 웹개발자 채용,~ 05/03(월) 입사지원,서울 구로구 신입 초대졸↑ 정규직,https://www.saramin.co.kr/zf_user/jobs/relay/view?view_type=search&rec_idx=39729550&location=ts&searchword=java&searchType=default_mysearch&paid_fl=n
39728889,(주)넥스트아이씨티,java/jsp/si 신입 개발자 모집,~ 05/03(월) 입사지원,"서울 구로구 신입 학력무관 정규직 2,600~2,800",https://www.saramin.co.kr/zf_user/jobs/relay/view?view_type=search&rec_idx=39728889&location=ts&searchword=java&searchType=default_mysearch&paid_fl=n
39739594,(주)벼리소프트,"JSP/JAVA 개발자 정규직 모집 공고(경력, 신입)",~ 03/31(수) 입사지원,서울 강서구 경력무관 초대졸↑ 정규직,https://www.saramin.co.kr/zf_user/jobs/relay/view?view_type=search&rec_idx=39739594&location=ts&searchword=java&searchType=default_mysearch&paid_fl=n
39649929,안전성평가솔루션(주),"자사 웹서비스 JAVA, PHP 백엔드 신입 개발자 모집",~ 04/22(목) 입사지원,서울 서초구 신입 대졸↑ 정규직,https://www.saramin.co.kr/zf_user/jobs/relay/view?view_type=search&rec_idx=39649929&location=ts&searchword=java&searchType=default_mysearch&paid_fl=n
39858001,(주)엔클랩,[ 주5일 / 본사 ] 신입 JAVA Web 개발 및 운영,채용시 입사지원,"서울 영등포구 신입 학력무관 정규직 2,600~2,800",https://www.saramin.co.kr/zf_user/jobs/relay/view?view_type=search&rec_idx=39858001&location=ts&searchword=java&searchType=default_mysearch&paid_fl=n
39580513,㈜참좋은인터넷,웹개발 경력자 모집 (java spring framework 유경험자),~ 04/10(토) 입사지원,"서울 강서구 경력3년↑ 학력무관 정규직 6,000~7,000",https://www.saramin.co.kr/zf_user/jobs/relay/view?view_type=search&rec_idx=39580513&location=ts&searchword=java&searchType=default_mysearch&paid_fl=n
39702504,㈜넷앤드,DB솔루션개발본부 개발자(C++ / JAVA) 신입/경력 채용,~ 03/31(수) 입사지원,서울 영등포구 경력무관 고졸↑ 정규직,https://www.saramin.co.kr/zf_user/jobs/relay/view?view_type=search&rec_idx=39702504&location=ts&searchword=java&searchType=default_mysearch&paid_fl=n
39502687,주식회사 커즈모스,"백엔드 개발자(Python, Java) 경력무관 채용 - 정규",~ 03/28(일) 입사지원,서울 성동구 경력무관 초대졸↑ 정규직,https://www.saramin.co.kr/zf_user/jobs/relay/view?view_type=search&rec_idx=39502687&location=ts&searchword=java&searchType=default_mysearch&paid_fl=n
39598035,(주)나모데이타,JAVA 개발 정규 직원 및 단기 알바 모집,~ 03/31(수) 입사지원,서울 서초구 경력무관 학력무관 정규직·프리랜서,https://www.saramin.co.kr/zf_user/jobs/relay/view?view_type=search&rec_idx=39598035&location=ts&searchword=java&searchType=default_mysearch&paid_fl=n
39744915,(주)퓨쳐솔루션,웹개발(Java·JSP/PHP/프론트엔드 외 1개 부문) 채용합니다,~ 05/07(금) 입사지원,"서울 서초구 경력무관 학력무관 정규직 2,800~3,000",https://www.saramin.co.kr/zf_user/jobs/relay/view?view_type=search&rec_idx=39744915&location=ts&searchword=java&searchType=default_mysearch&paid_fl=n
39810401,(주)갈렙에이비씨,R&D팀 프로그래머 모집 - JAVA 개발자,상시채용 입사지원,서울 마포구 신입·경력 대졸↑ 정규직,https://www.saramin.co.kr/zf_user/jobs/relay/view?view_type=search&rec_idx=39810401&location=ts&searchword=java&searchType=default_mysearch&paid_fl=n
39716965,플랫에스 주식회사,Java/Spring 프로그래머 (신입/경력),채용시 입사지원,서울 서초구 신입·경력 대졸↑ 정규직,https://www.saramin.co.kr/zf_user/jobs/relay/view?view_type=search&rec_idx=39716965&location=ts&searchword=java&searchType=default_mysearch&paid_fl=n
39798960,㈜네오플러스,[정규직] JAVA 신입 개발자 모집,~ 03/31(수) 입사지원,서울 구로구 신입 초대졸↑ 정규직,https://www.saramin.co.kr/zf_user/jobs/relay/view?view_type=search&rec_idx=39798960&location=ts&searchword=java&searchType=default_mysearch&paid_fl=n
39671394,(주)엔잡얼라이언스,기술연구소 웹개발(JAVA/ASP/Python) 및 웹디자이너 모집,~ 03/25(목) 입사지원,서울 금천구 경력무관 학력무관 정규직,https://www.saramin.co.kr/zf_user/jobs/relay/view?view_type=search&rec_idx=39671394&location=ts&searchword=java&searchType=default_mysearch&paid_fl=n
39829171,(주)비엔피이십일,"빅데이터, Java·JSP, OLAP 정규직/인턴직 모집(신입)",~ 03/28(일) 입사지원,서울 영등포구 신입 초대졸↑ 정규직·인턴직,https://www.saramin.co.kr/zf_user/jobs/relay/view?view_type=search&rec_idx=39829171&location=ts&searchword=java&searchType=default_mysearch&paid_fl=n
39779124,(주)티몬,[티몬] 사내시스템 JAVA 개발자,~ 03/31(수) 입사지원,서울 강남구 경력4년↑ 학력무관 정규직,https://www.saramin.co.kr/zf_user/jobs/relay/view?view_type=search&rec_idx=39779124&location=ts&searchword=java&searchType=default_mysearch&paid_fl=n
39502779,패스컴바인 주식회사,JAVA 웹개발 프론트 백앤드 개발 채용 합니다. (신입),~ 03/28(일) 입사지원,서울 구로구 신입 학력무관 정규직,https://www.saramin.co.kr/zf_user/jobs/relay/view?view_type=search&rec_idx=39502779&location=ts&searchword=java&searchType=default_mysearch&paid_fl=n
39527911,(주)에스알포스트,Java 웹 프로그램 개발 / SI & 솔루션 프로젝트 수행,상시채용 입사지원,서울 구로구 경력무관 초대졸↑ 정규직·계약직,https://www.saramin.co.kr/zf_user/jobs/relay/view?view_type=search&rec_idx=39527911&location=ts&searchword=java&searchType=default_mysearch&paid_fl=n
39528651,아이맥스소프트,웹개발(JAVA) 정규직 채용합니다.,~ 04/02(금) 입사지원,"서울 서초구 신입 초대졸↑ 정규직 3,300 만원",https://www.saramin.co.kr/zf_user/jobs/relay/view?view_type=search&rec_idx=39528651&location=ts&searchword=java&searchType=default_mysearch&paid_fl=n
39489785,(주)투윈피플즈,[정규직] JAVA 개발자(신입) 및 퍼블리셔(경력) 인력 모집,채용시 입사지원,서울 구로구 신입·경력 초대졸↑ 정규직,https://www.saramin.co.kr/zf_user/jobs/relay/view?view_type=search&rec_idx=39489785&location=ts&searchword=java&searchType=default_mysearch&paid_fl=n
39728932,(주)피엠그룹코리아,JAVA 웹개발 신입 / 경력 모집 (금융권 경력자 우대),~ 04/03(토) 입사지원,서울 강남구 신입·경력 초대졸↑ 정규직·기간제,https://www.saramin.co.kr/zf_user/jobs/relay/view?view_type=search&rec_idx=39728932&location=ts&searchword=java&searchType=default_mysearch&paid_fl=n
39848741,(주)메씨인터내셔날,JAVA/PHP 신입/경력 웹개발 모집 - 계약직(정규직전환),~ 05/21(금) 입사지원,"서울 서초구 경력무관 학력무관 정규직·계약직 2,600~2,800",https://www.saramin.co.kr/zf_user/jobs/relay/view?view_type=search&rec_idx=39848741&location=ts&searchword=java&searchType=default_mysearch&paid_fl=n
39700437,디프소프트 주식회사,[디프소프트] 경력직 java 웹개발자 모집,~ 03/31(수) 입사지원,서울 강남구 신입·경력 초대졸↑ 정규직,https://www.saramin.co.kr/zf_user/jobs/relay/view?view_type=search&rec_idx=39700437&location=ts&searchword=java&searchType=default_mysearch&paid_fl=n
39764408,㈜칸테크,"[SI팀] JAVA, SQL, DB 신입, 경력사원 모집",~ 05/08(토) 입사지원,서울 금천구 경력무관 초대졸↑ 정규직,https://www.saramin.co.kr/zf_user/jobs/relay/view?view_type=search&rec_idx=39764408&location=ts&searchword=java&searchType=default_mysearch&paid_fl=n
39848893,㈜아사달,공공기관 웹 개발자(JAVA) - SM사업,~ 05/21(금) 입사지원,서울 금천구 신입 초대졸↑ 정규직,https://www.saramin.co.kr/zf_user/jobs/relay/view?view_type=search&rec_idx=39848893&location=ts&searchword=java&searchType=default_mysearch&paid_fl=n
39807079,(주)디모아,"(쌍방울 그룹 계열사) ASP.NET(C#) , Java 개발자 모집",~ 03/31(수) 입사지원,서울 용산구 경력2년↑ 학력무관 정규직,https://www.saramin.co.kr/zf_user/jobs/relay/view?view_type=search&rec_idx=39807079&location=ts&searchword=java&searchType=default_mysearch&paid_fl=n
39747093,(주)네트콤,"웹 프로그래머 (JSP/JAVA, Jquery, Ajax 등)",~ 05/07(금) 입사지원,서울 영등포구 신입 초대졸↑ 정규직,https://www.saramin.co.kr/zf_user/jobs/relay/view?view_type=search&rec_idx=39747093&location=ts&searchword=java&searchType=default_mysearch&paid_fl=n
39820246,서로커뮤니케이션,"웹프로그래머 신입,경력자 모집(JAVA,PHP 가능자 우대)",~ 03/31(수) 입사지원,서울 영등포구 신입·경력 초대졸↑ 정규직,https://www.saramin.co.kr/zf_user/jobs/relay/view?view_type=search&rec_idx=39820246&location=ts&searchword=java&searchType=default_mysearch&paid_fl=n
39848795,(주)메이크봇,"AI챗봇 선두기업, JAVA웹프로그래머 채용",~ 05/21(금) 입사지원,서울 구로구 신입·경력 초대졸↑ 정규직·인턴직,https://www.saramin.co.kr/zf_user/jobs/relay/view?view_type=search&rec_idx=39848795&location=ts&searchword=java&searchType=default_mysearch&paid_fl=n
39780665,(주)더나은커뮤니케이션,[핀테크 사업부] 2021 상반기 Java·JSP 경력개발자 채용 공고,~ 04/10(토) 입사지원,서울 강남구 경력2년↑ 학력무관 정규직,https://www.saramin.co.kr/zf_user/jobs/relay/view?view_type=search&rec_idx=39780665&location=ts&searchword=java&searchType=default_mysearch&paid_fl=n
39506770,(주)티에이나인,"[티에이나인] JAVA 개발자 정규직 채용(개발/운영, 분석/설계)",~ 03/28(일) 입사지원,서울 강남구 경력 학력무관 정규직,https://www.saramin.co.kr/zf_user/jobs/relay/view?view_type=search&rec_idx=39506770&location=ts&searchword=java&searchType=default_mysearch&paid_fl=n
39829881,(주)씨엔씨네트웍스,[계약직] JAVA or JAVASCRIPT or IBSheet 유경험자(중급),~ 04/30(금) 입사지원,서울 구로구 경력 6~10년 학력무관 계약직·프리랜서,https://www.saramin.co.kr/zf_user/jobs/relay/view?view_type=search&rec_idx=39829881&location=ts&searchword=java&searchType=default_mysearch&paid_fl=n
39789003,헬로우파트너스,Java·JSP(웹개발) 정규직 채용(경력사원),~ 04/09(금) 입사지원,서울 영등포구 경력 1~3년 초대졸↑ 정규직,https://www.saramin.co.kr/zf_user/jobs/relay/view?view_type=search&rec_idx=39789003&location=ts&searchword=java&searchType=default_mysearch&paid_fl=n
39790194,㈜코비젼,[강소/벤쳐기업] 개발직무-유지보수/프로젝트수행 (PM/JAVA/.NET,~ 04/02(금) 입사지원,서울 강서구 경력3년↑ 초대졸↑ 정규직·전문연구요원,https://www.saramin.co.kr/zf_user/jobs/relay/view?view_type=search&rec_idx=39790194&location=ts&searchword=java&searchType=default_mysearch&paid_fl=n
39604415,(주)브라이언트,JAVA / React 경력 신규 개발자를 모십니다.,~ 04/16(금) 입사지원,서울 마포구 경력5년↑ 학력무관 정규직,https://www.saramin.co.kr/zf_user/jobs/relay/view?view_type=search&rec_idx=39604415&location=ts&searchword=java&searchType=default_mysearch&paid_fl=n
39759001,(주)더클로젯컴퍼니,[클로젯셰어]JAVA 백엔드 개발자 경력 모집합니다,~ 05/08(토) 입사지원,서울 강남구 경력 3~10년 학력무관 정규직·기간제,https://www.saramin.co.kr/zf_user/jobs/relay/view?view_type=search&rec_idx=39759001&location=ts&searchword=java&searchType=default_mysearch&paid_fl=n
39477375,엔에이치엔한국사이버결제주식회사,NHN KCP(주)JAVA 기반 API& WEB 개발 및 유지보수,채용시 입사지원,서울 구로구 경력 2~5년 초대졸↑ 정규직,https://www.saramin.co.kr/zf_user/jobs/relay/view?view_type=search&rec_idx=39477375&location=ts&searchword=java&searchType=default_mysearch&paid_fl=n
39701167,(주)지산웨어,지산웨어 신입/경력 JAVA개발자를 모집합니다.,~ 05/01(토) 입사지원,서울 구로구 신입·경력 대졸↑ 정규직,https://www.saramin.co.kr/zf_user/jobs/relay/view?view_type=search&rec_idx=39701167&location=ts&searchword=java&searchType=default_mysearch&paid_fl=n
39799165,(주)아츠코리아,[중견그룹 계열사] JAVA 개발 경력직 채용,~ 03/31(수) 입사지원,서울 강남구 경력3년↑ 초대졸↑ 정규직·해외취업,https://www.saramin.co.kr/zf_user/jobs/relay/view?view_type=search&rec_idx=39799165&location=ts&searchword=java&searchType=default_mysearch&paid_fl=n
39694043,템프인(주),"[강남/max연5,000만/정규전환] 유명기업 웹개발(java, jsp) 채용",~ 03/28(일) 입사지원,"서울 강남구 경력2년↑ 학력무관 계약직 4,000~5,000",https://www.saramin.co.kr/zf_user/jobs/relay/view?view_type=search&rec_idx=39694043&location=ts&searchword=java&searchType=default_mysearch&paid_fl=n
39614843,팜커넥트(주),"Java 백엔드, TypeScript, 딥러닝 경력직 채용",~ 04/17(토) 입사지원,서울 영등포구 경력1년↑ 학력무관 정규직,https://www.saramin.co.kr/zf_user/jobs/relay/view?view_type=search&rec_idx=39614843&location=ts&searchword=java&searchType=default_mysearch&paid_fl=n
39859300,(주)에스에스비정보기술,상반기 Java 신입 / 경력 개발자 모집,~ 05/22(토) 입사지원,서울 강남구 경력무관 학력무관 정규직,https://www.saramin.co.kr/zf_user/jobs/relay/view?view_type=search&rec_idx=39859300&location=ts&searchword=java&searchType=default_mysearch&paid_fl=n
39838573,에스지에이비엘씨(주),(경력) Java 개발자 채용,상시채용 입사지원,서울 송파구 경력 2~6년 초대졸↑ 정규직,https://www.saramin.co.kr/zf_user/jobs/relay/view?view_type=search&rec_idx=39838573&location=ts&searchword=java&searchType=default_mysearch&paid_fl=n
39646469,(주)메타소프트,"Java 개발자 정규직 채용(신입, 경력)",~ 03/31(수) 입사지원,서울 구로구 경력무관 초대졸↑ 정규직,https://www.saramin.co.kr/zf_user/jobs/relay/view?view_type=search&rec_idx=39646469&location=ts&searchword=java&searchType=default_mysearch&paid_fl=n
39745339,(주)스카우트플랜,프론트엔드 개발 (JAVA/ MVC 모델/ Spring Framework),오늘마감 입사지원,"서울 강남구 경력4년↑ 대졸↑ 정규직 6,500 만원",https://www.saramin.co.kr/zf_user/jobs/relay/view?view_type=search&rec_idx=39745339&location=ts&searchword=java&searchType=default_mysearch&paid_fl=n
39745341,(주)에이치앤웍스,"[고급] JAVA, Web, Miplatform, Nexacro개발 정규직,프리(SI,SM)",~ 05/07(금) 입사지원,경기 의왕시 경력5년↑ 대졸↑ 정규직·프리랜서,https://www.saramin.co.kr/zf_user/jobs/relay/view?view_type=search&rec_idx=39745341&location=ts&searchword=java&searchType=default_mysearch&paid_fl=n
39768957,(주)서치브레인,[ IT기업 ] Java / C++ 개발자 경력채용,~ 04/09(금) 입사지원,서울 강남구 경력 2~10년 학력무관 정규직,https://www.saramin.co.kr/zf_user/jobs/relay/view?view_type=search&rec_idx=39768957&location=ts&searchword=java&searchType=default_mysearch&paid_fl=n
39837682,한경솔루션(주),JAVA 솔루션 개발자 모집 (정규직),~ 03/26(금) 입사지원,서울 강서구 경력 1~10년 학력무관 정규직,https://www.saramin.co.kr/zf_user/jobs/relay/view?view_type=search&rec_idx=39837682&location=ts&searchword=java&searchType=default_mysearch&paid_fl=n
39702544,(주)이지에이스,JAVA기반 웹 개발 경력자 채용 공고,~ 04/01(목) 입사지원,서울 금천구 경력1년↑ 학력무관 정규직,https://www.saramin.co.kr/zf_user/jobs/relay/view?view_type=search&rec_idx=39702544&location=ts&searchword=java&searchType=default_mysearch&paid_fl=n
39851174,한경솔루션(주),JAVA 기반 솔루션 개발자 모집 (정규직),~ 03/26(금) 입사지원,서울 강서구 경력 1~10년 학력무관 정규직,https://www.saramin.co.kr/zf_user/jobs/relay/view?view_type=search&rec_idx=39851174&location=ts&searchword=java&searchType=default_mysearch&paid_fl=n
39853168,(주)데이터윙스,"JAVA (고급,7개월-가산디지털단지)",채용시 입사지원,서울 영등포구 경력 8~17년 초대졸↑ 계약직·프리랜서,https://www.saramin.co.kr/zf_user/jobs/relay/view?view_type=search&rec_idx=39853168&location=ts&searchword=java&searchType=default_mysearch&paid_fl=n
39656436,(주)아이컴테크놀러지,Java 개발 경력직(2~5년) 모집,~ 03/31(수) 채용 홈페이지,서울 금천구 경력 2~5년 고졸↑ 정규직,https://www.saramin.co.kr/zf_user/jobs/relay/view?view_type=search&rec_idx=39656436&location=ts&searchword=java&searchType=default_mysearch&paid_fl=n
39803385,토비스 주식회사,Java 개발자 정규직 채용,~ 05/14(금) 입사지원,서울 용산구 경력 초대졸↑ 정규직,https://www.saramin.co.kr/zf_user/jobs/relay/view?view_type=search&rec_idx=39803385&location=ts&searchword=java&searchType=default_mysearch&paid_fl=n
39821483,한경솔루션(주),Java 솔루션 개발 정규직 모집,내일마감 입사지원,서울 강서구 경력 1~10년 학력무관 정규직,https://www.saramin.co.kr/zf_user/jobs/relay/view?view_type=search&rec_idx=39821483&location=ts&searchword=java&searchType=default_mysearch&paid_fl=n
39805518,㈜마인정보기술,"C#, JAVA 개발자를 모집합니다.",채용시 입사지원,서울 서초구 경력무관 고졸↑ 정규직,https://www.saramin.co.kr/zf_user/jobs/relay/view?view_type=search&rec_idx=39805518&location=ts&searchword=java&searchType=default_mysearch&paid_fl=n
39829173,한경솔루션(주),(정규직) JAVA 솔루션 개발자 모집,내일마감 입사지원,서울 강서구 경력 1~10년 학력무관 정규직,https://www.saramin.co.kr/zf_user/jobs/relay/view?view_type=search&rec_idx=39829173&location=ts&searchword=java&searchType=default_mysearch&paid_fl=n
39779101,오픈포지션,전자금융결제솔루션개발(JAVA) /대리과장/수서/중견그룹계열사,내일마감 입사지원,서울 강남구 경력 5~11년 대졸↑ 정규직,https://www.saramin.co.kr/zf_user/jobs/relay/view?view_type=search&rec_idx=39779101&location=ts&searchword=java&searchType=default_mysearch&paid_fl=n
39786211,(주)제이엔제이 글로벌 컨설팅,(외국계저축은행) 초급개발자(Java),채용시 입사지원,서울 금천구 신입·경력 학력무관 정규직,https://www.saramin.co.kr/zf_user/jobs/relay/view?view_type=search&rec_idx=39786211&location=ts&searchword=java&searchType=default_mysearch&paid_fl=n
39840154,주식회사 서우컴퍼니,(주)서우컴퍼니 JAVA / SI / SM 신입/경력 개발자 모집,~ 04/02(금) 입사지원,서울 구로구 경력무관 고졸↑ 정규직,https://www.saramin.co.kr/zf_user/jobs/relay/view?view_type=search&rec_idx=39840154&location=ts&searchword=java&searchType=default_mysearch&paid_fl=n
39847041,노아솔루션,"SI 공공영업 및 기술개발(java, jsp) 연구소(C,C++) 각분야 모집",채용시 입사지원,서울 성동구 경력무관 초대졸↑ 정규직,https://www.saramin.co.kr/zf_user/jobs/relay/view?view_type=search&rec_idx=39847041&location=ts&searchword=java&searchType=default_mysearch&paid_fl=n
39659610,(주)윌비소프트,"Java, JSP 웹 프로그램 경력개발자 모십니다.",~ 03/31(수) 입사지원,서울 성동구 경력3년↑ 학력무관 정규직,https://www.saramin.co.kr/zf_user/jobs/relay/view?view_type=search&rec_idx=39659610&location=ts&searchword=java&searchType=default_mysearch&paid_fl=n
39766910,커리어커넥트(주),대형금융그룹 신사업IT지원팀원 (금융권 JAVA 개발자) 채용,~ 04/09(금) 입사지원,서울 강남구 경력3년↑ 대졸↑ 정규직·계약직,https://www.saramin.co.kr/zf_user/jobs/relay/view?view_type=search&rec_idx=39766910&location=ts&searchword=java&searchType=default_mysearch&paid_fl=n
39848041,탑커리어인사이트,웹 개발 : Java / Ajax / Jsp / Spring / 경력3-10년,~ 04/05(월) 입사지원,서울 광진구 경력 3~10년 초대졸↑ 정규직,https://www.saramin.co.kr/zf_user/jobs/relay/view?view_type=search&rec_idx=39848041&location=ts&searchword=java&searchType=default_mysearch&paid_fl=n
39659584,(주)윌비소프트,"Java, JSP 웹 프로그램 PM 모십니다.",~ 03/31(수) 입사지원,서울 성동구 경력 학력무관 정규직,https://www.saramin.co.kr/zf_user/jobs/relay/view?view_type=search&rec_idx=39659584&location=ts&searchword=java&searchType=default_mysearch&paid_fl=n
39749986,(주)드림에이치알,국내유명 종합정보 서비스기업 Application 개발자(Java),오늘마감 입사지원,서울 서초구 경력5년↑ 초대졸↑ 정규직,https://www.saramin.co.kr/zf_user/jobs/relay/view?view_type=search&rec_idx=39749986&location=ts&searchword=java&searchType=default_mysearch&paid_fl=n
39660073,모닝인컨설팅,[중견기업/여의도] JAVA/C 개발자 채용,내일마감 입사지원,"서울 영등포구 경력2년↑ 초대졸↑ 계약직·파견직 3,700 만원",https://www.saramin.co.kr/zf_user/jobs/relay/view?view_type=search&rec_idx=39660073&location=ts&searchword=java&searchType=default_mysearch&paid_fl=n
39609406,주식회사 뉴플로이,2021 상반기 Java·JSP/백엔드/Java/AWS 경력사원 채용,~ 04/16(금) 입사지원,"서울 강남구 경력 3~10년 대졸↑ 정규직 6,000~7,000",https://www.saramin.co.kr/zf_user/jobs/relay/view?view_type=search&rec_idx=39609406&location=ts&searchword=java&searchType=default_mysearch&paid_fl=n
39568446,(주)에이치에스피,[송파]JAVA서울아산병원 통합연구관리시스템 운영1명즉시,~ 04/08(목) 입사지원,서울 송파구 경력5년↑ 초대졸↑ 프리랜서,https://www.saramin.co.kr/zf_user/jobs/relay/view?view_type=search&rec_idx=39568446&location=ts&searchword=java&searchType=default_mysearch&paid_fl=n
39851145,(주)비에이블컨설팅그룹,"자바(Java, Spring Framework, DB) 개발자",~ 04/04(일) 입사지원,서울 금천구 경력3년↑ 대졸↑ 정규직,https://www.saramin.co.kr/zf_user/jobs/relay/view?view_type=search&rec_idx=39851145&location=ts&searchword=java&searchType=default_mysearch&paid_fl=n
39758705,한경솔루션(주),(정규직 모집) Java 경력자 모집 공고,~ 05/08(토) 입사지원,서울 강서구 경력 1~10년 학력무관 정규직,https://www.saramin.co.kr/zf_user/jobs/relay/view?view_type=search&rec_idx=39758705&location=ts&searchword=java&searchType=default_mysearch&paid_fl=n
